opcode,MOS_M6502,Rockwell_R6502,Rockwell_R65C02,CMD_G65SC02,GTE_G65SC802,GTE_G65SC816,WDC_W65C02S,WDC_W65C816S,MOS_6502A,MOS_6504,MOS_6507,MOS_6510,MOS_8500,MOS_8502,MOS_6512,MOS_7501,MOS_8501,Rockwell_R65C02P4,Synertek_SY6502,Ricoh_2A03,Ricoh_2A07,Hudson_HuC6280,WDC_65C02,WDC_65SC02,WDC_65C816,MOS_6503,MOS_6508,MOS_6509,MOS_6510T,CSG_65CE02,MOS_4510,GTE_G65SC12,GTE_G65SC102,GTE_G65SC112,Rockwell_R65C19,Rockwell_L2800,Ricoh_RP2A03G,Mitsubishi_M740,MOS_6500_1,Rockwell_R65C102,Rockwell_R65C112,Ricoh_RP2A03_CORE,Mitsubishi_M37450,Mitsubishi_M37640,Mitsubishi_M50734,Mitsubishi_M50740,Mitsubishi_M50741,Mitsubishi_M50753,DataEast_DECO16,Sitronix_ST2202,Sitronix_ST2204,Sitronix_ST2205U,Sitronix_ST2302U,XaviX_SSD97_98,XaviX_SSD2000,XaviX_SSD2002,Yamaha_GEW7,Yamaha_GEW12,VT3XX_SPU
00,BRK,BRK,BRK,BRK,BRK,BRK,BRK,BRK,BRK,BRK,BRK,BRK,BRK,BRK,BRK,BRK,BRK,BRK,BRK,BRK,BRK,BRK,BRK,BRK,BRK,BRK,BRK,BRK,BRK,BRK,BRK,BRK,BRK,BRK,BRK,BRK,BRK,BRK,BRK,BRK,BRK,BRK,BRK,BRK,BRK,BRK,BRK,BRK,BRK,BRK,BRK,BRK,BRK,BRK,BRK,BRK,BRK,BRK,BRK
01,ORA,ORA,ORA,ORA,ORA,ORA,ORA,ORA,ORA,ORA,ORA,ORA,ORA,ORA,ORA,ORA,ORA,ORA,ORA,ORA,ORA,ORA,ORA,ORA,ORA,ORA,ORA,ORA,ORA,ORA,ORA,ORA,ORA,ORA,ORA,ORA,ORA,ORA,ORA,ORA,ORA,ORA,ORA,ORA,ORA,ORA,ORA,ORA,ORA,ORA,ORA,ORA,ORA,ORA,ORA,ORA,ORA,ORA,ORA
02,INV,INV,INV,INV,INV,INV,INV,INV,INV,INV,INV,INV,INV,INV,INV,INV,INV,INV,INV,INV,INV,INV,INV,INV,INV,INV,INV,INV,INV,INV,INV,INV,INV,INV,INV,INV,INV,INV,INV,INV,INV,INV,INV,INV,INV,INV,INV,INV,INV,INV,INV,INV,INV,INV,INV,INV,INV,INV,INV
03,INV,INV,INV,INV,INV,INV,INV,INV,INV,INV,INV,INV,INV,INV,INV,INV,INV,INV,INV,INV,INV,INV,INV,INV,INV,INV,INV,INV,INV,INV,INV,INV,INV,INV,INV,INV,INV,INV,INV,INV,INV,INV,INV,INV,INV,INV,INV,INV,INV,INV,INV,INV,INV,INV,INV,INV,INV,INV,INV
04,INV,INV,INV,INV,INV,INV,INV,INV,INV,INV,INV,INV,INV,INV,INV,INV,INV,INV,INV,INV,INV,INV,INV,INV,INV,INV,INV,INV,INV,INV,INV,INV,INV,INV,INV,INV,INV,INV,INV,INV,INV,INV,INV,INV,INV,INV,INV,INV,INV,INV,INV,INV,INV,INV,INV,INV,INV,INV,INV
05,ORA,ORA,ORA,ORA,ORA,ORA,ORA,ORA,ORA,ORA,ORA,ORA,ORA,ORA,ORA,ORA,ORA,ORA,ORA,ORA,ORA,ORA,ORA,ORA,ORA,ORA,ORA,ORA,ORA,ORA,ORA,ORA,ORA,ORA,ORA,ORA,ORA,ORA,ORA,ORA,ORA,ORA,ORA,ORA,ORA,ORA,ORA,ORA,ORA,ORA,ORA,ORA,ORA,ORA,ORA,ORA,ORA,ORA,ORA
06,ASL,ASL,ASL,ASL,ASL,ASL,ASL,ASL,ASL,ASL,ASL,ASL,ASL,ASL,ASL,ASL,ASL,ASL,ASL,ASL,ASL,ASL,ASL,ASL,ASL,ASL,ASL,ASL,ASL,ASL,ASL,ASL,ASL,ASL,ASL,ASL,ASL,ASL,ASL,ASL,ASL,ASL,ASL,ASL,ASL,ASL,ASL,ASL,ASL,ASL,ASL,ASL,ASL,ASL,ASL,ASL,ASL,ASL,ASL
07,INV,INV,INV,INV,INV,INV,INV,INV,INV,INV,INV,INV,INV,INV,INV,INV,INV,INV,INV,INV,INV,INV,INV,INV,INV,INV,INV,INV,INV,INV,INV,INV,INV,INV,INV,INV,INV,INV,INV,INV,INV,INV,INV,INV,INV,INV,INV,INV,INV,INV,INV,INV,INV,INV,INV,INV,INV,INV,INV
08,PHP,PHP,PHP,PHP,PHP,PHP,PHP,PHP,PHP,PHP,PHP,PHP,PHP,PHP,PHP,PHP,PHP,PHP,PHP,PHP,PHP,PHP,PHP,PHP,PHP,PHP,PHP,PHP,PHP,PHP,PHP,PHP,PHP,PHP,PHP,PHP,PHP,PHP,PHP,PHP,PHP,PHP,PHP,PHP,PHP,PHP,PHP,PHP,PHP,PHP,PHP,PHP,PHP,PHP,PHP,PHP,PHP,PHP,PHP
09,ORA,ORA,ORA,ORA,ORA,ORA,ORA,ORA,ORA,ORA,ORA,ORA,ORA,ORA,ORA,ORA,ORA,ORA,ORA,ORA,ORA,ORA,ORA,ORA,ORA,ORA,ORA,ORA,ORA,ORA,ORA,ORA,ORA,ORA,ORA,ORA,ORA,ORA,ORA,ORA,ORA,ORA,ORA,ORA,ORA,ORA,ORA,ORA,ORA,ORA,ORA,ORA,ORA,ORA,ORA,ORA,ORA,ORA,ORA
0A,ASL,ASL,ASL,ASL,ASL,ASL,ASL,ASL,ASL,ASL,ASL,ASL,ASL,ASL,ASL,ASL,ASL,ASL,ASL,ASL,ASL,ASL,ASL,ASL,ASL,ASL,ASL,ASL,ASL,ASL,ASL,ASL,ASL,ASL,ASL,ASL,ASL,ASL,ASL,ASL,ASL,ASL,ASL,ASL,ASL,ASL,ASL,ASL,ASL,ASL,ASL,ASL,ASL,ASL,ASL,ASL,ASL,ASL,ASL
0B,INV,INV,INV,INV,INV,INV,INV,INV,INV,INV,INV,INV,INV,INV,INV,INV,INV,INV,INV,INV,INV,INV,INV,INV,INV,INV,INV,INV,INV,INV,INV,INV,INV,INV,INV,INV,INV,INV,INV,INV,INV,INV,INV,INV,INV,INV,INV,INV,INV,INV,INV,INV,INV,INV,INV,INV,INV,INV,INV
0C,INV,INV,INV,INV,INV,INV,INV,INV,INV,INV,INV,INV,INV,INV,INV,INV,INV,INV,INV,INV,INV,INV,INV,INV,INV,INV,INV,INV,INV,INV,INV,INV,INV,INV,INV,INV,INV,INV,INV,INV,INV,INV,INV,INV,INV,INV,INV,INV,INV,INV,INV,INV,INV,INV,INV,INV,INV,INV,INV
0D,ORA,ORA,ORA,ORA,ORA,ORA,ORA,ORA,ORA,ORA,ORA,ORA,ORA,ORA,ORA,ORA,ORA,ORA,ORA,ORA,ORA,ORA,ORA,ORA,ORA,ORA,ORA,ORA,ORA,ORA,ORA,ORA,ORA,ORA,ORA,ORA,ORA,ORA,ORA,ORA,ORA,ORA,ORA,ORA,ORA,ORA,ORA,ORA,ORA,ORA,ORA,ORA,ORA,ORA,ORA,ORA,ORA,ORA,ORA
0E,ASL,ASL,ASL,ASL,ASL,ASL,ASL,ASL,ASL,ASL,ASL,ASL,ASL,ASL,ASL,ASL,ASL,ASL,ASL,ASL,ASL,ASL,ASL,ASL,ASL,ASL,ASL,ASL,ASL,ASL,ASL,ASL,ASL,ASL,ASL,ASL,ASL,ASL,ASL,ASL,ASL,ASL,ASL,ASL,ASL,ASL,ASL,ASL,ASL,ASL,ASL,ASL,ASL,ASL,ASL,ASL,ASL,ASL,ASL
0F,INV,INV,INV,INV,INV,INV,INV,INV,INV,INV,INV,INV,INV,INV,INV,INV,INV,INV,INV,INV,INV,INV,INV,INV,INV,INV,INV,INV,INV,INV,INV,INV,INV,INV,INV,INV,INV,INV,INV,INV,INV,INV,INV,INV,INV,INV,INV,INV,INV,INV,INV,INV,INV,INV,INV,INV,INV,INV,INV
10,BPL,BPL,BPL,BPL,BPL,BPL,BPL,BPL,BPL,BPL,BPL,BPL,BPL,BPL,BPL,BPL,BPL,BPL,BPL,BPL,BPL,BPL,BPL,BPL,BPL,BPL,BPL,BPL,BPL,BPL,BPL,BPL,BPL,BPL,BPL,BPL,BPL,BPL,BPL,BPL,BPL,BPL,BPL,BPL,BPL,BPL,BPL,BPL,BPL,BPL,BPL,BPL,BPL,BPL,BPL,BPL,BPL,BPL,BPL
11,ORA,ORA,ORA,ORA,ORA,ORA,ORA,ORA,ORA,ORA,ORA,ORA,ORA,ORA,ORA,ORA,ORA,ORA,ORA,ORA,ORA,ORA,ORA,ORA,ORA,ORA,ORA,ORA,ORA,ORA,ORA,ORA,ORA,ORA,ORA,ORA,ORA,ORA,ORA,ORA,ORA,ORA,ORA,ORA,ORA,ORA,ORA,ORA,ORA,ORA,ORA,ORA,ORA,ORA,ORA,ORA,ORA,ORA,ORA
12,INV,INV,INV,INV,INV,INV,INV,INV,INV,INV,INV,INV,INV,INV,INV,INV,INV,INV,INV,INV,INV,INV,INV,INV,INV,INV,INV,INV,INV,INV,INV,INV,INV,INV,INV,INV,INV,INV,INV,INV,INV,INV,INV,INV,INV,INV,INV,INV,INV,INV,INV,INV,INV,INV,INV,INV,INV,INV,INV
13,INV,INV,INV,INV,INV,INV,INV,INV,INV,INV,INV,INV,INV,INV,INV,INV,INV,INV,INV,INV,INV,INV,INV,INV,INV,INV,INV,INV,INV,INV,INV,INV,INV,INV,INV,INV,INV,INV,INV,INV,INV,INV,INV,INV,INV,INV,INV,INV,INV,INV,INV,INV,INV,INV,INV,INV,INV,INV,INV
14,INV,INV,INV,INV,INV,INV,INV,INV,INV,INV,INV,INV,INV,INV,INV,INV,INV,INV,INV,INV,INV,INV,INV,INV,INV,INV,INV,INV,INV,INV,INV,INV,INV,INV,INV,INV,INV,INV,INV,INV,INV,INV,INV,INV,INV,INV,INV,INV,INV,INV,INV,INV,INV,INV,INV,INV,INV,INV,INV
15,ORA,ORA,ORA,ORA,ORA,ORA,ORA,ORA,ORA,ORA,ORA,ORA,ORA,ORA,ORA,ORA,ORA,ORA,ORA,ORA,ORA,ORA,ORA,ORA,ORA,ORA,ORA,ORA,ORA,ORA,ORA,ORA,ORA,ORA,ORA,ORA,ORA,ORA,ORA,ORA,ORA,ORA,ORA,ORA,ORA,ORA,ORA,ORA,ORA,ORA,ORA,ORA,ORA,ORA,ORA,ORA,ORA,ORA,ORA
16,ASL,ASL,ASL,ASL,ASL,ASL,ASL,ASL,ASL,ASL,ASL,ASL,ASL,ASL,ASL,ASL,ASL,ASL,ASL,ASL,ASL,ASL,ASL,ASL,ASL,ASL,ASL,ASL,ASL,ASL,ASL,ASL,ASL,ASL,ASL,ASL,ASL,ASL,ASL,ASL,ASL,ASL,ASL,ASL,ASL,ASL,ASL,ASL,ASL,ASL,ASL,ASL,ASL,ASL,ASL,ASL,ASL,ASL,ASL
17,INV,INV,INV,INV,INV,INV,INV,INV,INV,INV,INV,INV,INV,INV,INV,INV,INV,INV,INV,INV,INV,INV,INV,INV,INV,INV,INV,INV,INV,INV,INV,INV,INV,INV,INV,INV,INV,INV,INV,INV,INV,INV,INV,INV,INV,INV,INV,INV,INV,INV,INV,INV,INV,INV,INV,INV,INV,INV,INV
18,CLC,CLC,CLC,CLC,CLC,CLC,CLC,CLC,CLC,CLC,CLC,CLC,CLC,CLC,CLC,CLC,CLC,CLC,CLC,CLC,CLC,CLC,CLC,CLC,CLC,CLC,CLC,CLC,CLC,CLC,CLC,CLC,CLC,CLC,CLC,CLC,CLC,CLC,CLC,CLC,CLC,CLC,CLC,CLC,CLC,CLC,CLC,CLC,CLC,CLC,CLC,CLC,CLC,CLC,CLC,CLC,CLC,CLC,CLC
19,ORA,ORA,ORA,ORA,ORA,ORA,ORA,ORA,ORA,ORA,ORA,ORA,ORA,ORA,ORA,ORA,ORA,ORA,ORA,ORA,ORA,ORA,ORA,ORA,ORA,ORA,ORA,ORA,ORA,ORA,ORA,ORA,ORA,ORA,ORA,ORA,ORA,ORA,ORA,ORA,ORA,ORA,ORA,ORA,ORA,ORA,ORA,ORA,ORA,ORA,ORA,ORA,ORA,ORA,ORA,ORA,ORA,ORA,ORA
1A,INV,INV,INV,INV,INV,INV,INV,INV,INV,INV,INV,INV,INV,INV,INV,INV,INV,INV,INV,INV,INV,INV,INV,INV,INV,INV,INV,INV,INV,INV,INV,INV,INV,INV,INV,INV,INV,INV,INV,INV,INV,INV,INV,INV,INV,INV,INV,INV,INV,INV,INV,INV,INV,INV,INV,INV,INV,INV,INV
1B,INV,INV,INV,INV,INV,INV,INV,INV,INV,INV,INV,INV,INV,INV,INV,INV,INV,INV,INV,INV,INV,INV,INV,INV,INV,INV,INV,INV,INV,INV,INV,INV,INV,INV,INV,INV,INV,INV,INV,INV,INV,INV,INV,INV,INV,INV,INV,INV,INV,INV,INV,INV,INV,INV,INV,INV,INV,INV,INV
1C,INV,INV,INV,INV,INV,INV,INV,INV,INV,INV,INV,INV,INV,INV,INV,INV,INV,INV,INV,INV,INV,INV,INV,INV,INV,INV,INV,INV,INV,INV,INV,INV,INV,INV,INV,INV,INV,INV,INV,INV,INV,INV,INV,INV,INV,INV,INV,INV,INV,INV,INV,INV,INV,INV,INV,INV,INV,INV,INV
1D,ORA,ORA,ORA,ORA,ORA,ORA,ORA,ORA,ORA,ORA,ORA,ORA,ORA,ORA,ORA,ORA,ORA,ORA,ORA,ORA,ORA,ORA,ORA,ORA,ORA,ORA,ORA,ORA,ORA,ORA,ORA,ORA,ORA,ORA,ORA,ORA,ORA,ORA,ORA,ORA,ORA,ORA,ORA,ORA,ORA,ORA,ORA,ORA,ORA,ORA,ORA,ORA,ORA,ORA,ORA,ORA,ORA,ORA,ORA
1E,ASL,ASL,ASL,ASL,ASL,ASL,ASL,ASL,ASL,ASL,ASL,ASL,ASL,ASL,ASL,ASL,ASL,ASL,ASL,ASL,ASL,ASL,ASL,ASL,ASL,ASL,ASL,ASL,ASL,ASL,ASL,ASL,ASL,ASL,ASL,ASL,ASL,ASL,ASL,ASL,ASL,ASL,ASL,ASL,ASL,ASL,ASL,ASL,ASL,ASL,ASL,ASL,ASL,ASL,ASL,ASL,ASL,ASL,ASL
1F,INV,INV,INV,INV,INV,INV,INV,INV,INV,INV,INV,INV,INV,INV,INV,INV,INV,INV,INV,INV,INV,INV,INV,INV,INV,INV,INV,INV,INV,INV,INV,INV,INV,INV,INV,INV,INV,INV,INV,INV,INV,INV,INV,INV,INV,INV,INV,INV,INV,INV,INV,INV,INV,INV,INV,INV,INV,INV,INV
20,JSR,JSR,JSR,JSR,JSR,JSR,JSR,JSR,JSR,JSR,JSR,JSR,JSR,JSR,JSR,JSR,JSR,JSR,JSR,JSR,JSR,JSR,JSR,JSR,JSR,JSR,JSR,JSR,JSR,JSR,JSR,JSR,JSR,JSR,JSR,JSR,JSR,JSR,JSR,JSR,JSR,JSR,JSR,JSR,JSR,JSR,JSR,JSR,JSR,JSR,JSR,JSR,JSR,JSR,JSR,JSR,JSR,JSR,JSR
21,AND,AND,AND,AND,AND,AND,AND,AND,AND,AND,AND,AND,AND,AND,AND,AND,AND,AND,AND,AND,AND,AND,AND,AND,AND,AND,AND,AND,AND,AND,AND,AND,AND,AND,AND,AND,AND,AND,AND,AND,AND,AND,AND,AND,AND,AND,AND,AND,AND,AND,AND,AND,AND,AND,AND,AND,AND,AND,AND
22,INV,INV,INV,INV,INV,INV,INV,INV,INV,INV,INV,INV,INV,INV,INV,INV,INV,INV,INV,INV,INV,INV,INV,INV,INV,INV,INV,INV,INV,INV,INV,INV,INV,INV,INV,INV,INV,INV,INV,INV,INV,INV,INV,INV,INV,INV,INV,INV,INV,INV,INV,INV,INV,INV,INV,INV,INV,INV,INV
23,INV,INV,INV,INV,INV,INV,INV,INV,INV,INV,INV,INV,INV,INV,INV,INV,INV,INV,INV,INV,INV,INV,INV,INV,INV,INV,INV,INV,INV,INV,INV,INV,INV,INV,INV,INV,INV,INV,INV,INV,INV,INV,INV,INV,INV,INV,INV,INV,INV,INV,INV,INV,INV,INV,INV,INV,INV,INV,INV
24,BIT,BIT,BIT,BIT,BIT,BIT,BIT,BIT,BIT,BIT,BIT,BIT,BIT,BIT,BIT,BIT,BIT,BIT,BIT,BIT,BIT,BIT,BIT,BIT,BIT,BIT,BIT,BIT,BIT,BIT,BIT,BIT,BIT,BIT,BIT,BIT,BIT,BIT,BIT,BIT,BIT,BIT,BIT,BIT,BIT,BIT,BIT,BIT,BIT,BIT,BIT,BIT,BIT,BIT,BIT,BIT,BIT,BIT,BIT
25,AND,AND,AND,AND,AND,AND,AND,AND,AND,AND,AND,AND,AND,AND,AND,AND,AND,AND,AND,AND,AND,AND,AND,AND,AND,AND,AND,AND,AND,AND,AND,AND,AND,AND,AND,AND,AND,AND,AND,AND,AND,AND,AND,AND,AND,AND,AND,AND,AND,AND,AND,AND,AND,AND,AND,AND,AND,AND,AND
26,ROL,ROL,ROL,ROL,ROL,ROL,ROL,ROL,ROL,ROL,ROL,ROL,ROL,ROL,ROL,ROL,ROL,ROL,ROL,ROL,ROL,ROL,ROL,ROL,ROL,ROL,ROL,ROL,ROL,ROL,ROL,ROL,ROL,ROL,ROL,ROL,ROL,ROL,ROL,ROL,ROL,ROL,ROL,ROL,ROL,ROL,ROL,ROL,ROL,ROL,ROL,ROL,ROL,ROL,ROL,ROL,ROL,ROL,ROL
27,INV,INV,INV,INV,INV,INV,INV,INV,INV,INV,INV,INV,INV,INV,INV,INV,INV,INV,INV,INV,INV,INV,INV,INV,INV,INV,INV,INV,INV,INV,INV,INV,INV,INV,INV,INV,INV,INV,INV,INV,INV,INV,INV,INV,INV,INV,INV,INV,INV,INV,INV,INV,INV,INV,INV,INV,INV,INV,INV
28,PLP,PLP,PLP,PLP,PLP,PLP,PLP,PLP,PLP,PLP,PLP,PLP,PLP,PLP,PLP,PLP,PLP,PLP,PLP,PLP,PLP,PLP,PLP,PLP,PLP,PLP,PLP,PLP,PLP,PLP,PLP,PLP,PLP,PLP,PLP,PLP,PLP,PLP,PLP,PLP,PLP,PLP,PLP,PLP,PLP,PLP,PLP,PLP,PLP,PLP,PLP,PLP,PLP,PLP,PLP,PLP,PLP,PLP,PLP
29,AND,AND,AND,AND,AND,AND,AND,AND,AND,AND,AND,AND,AND,AND,AND,AND,AND,AND,AND,AND,AND,AND,AND,AND,AND,AND,AND,AND,AND,AND,AND,AND,AND,AND,AND,AND,AND,AND,AND,AND,AND,AND,AND,AND,AND,AND,AND,AND,AND,AND,AND,AND,AND,AND,AND,AND,AND,AND,AND
2A,ROL,ROL,ROL,ROL,ROL,ROL,ROL,ROL,ROL,ROL,ROL,ROL,ROL,ROL,ROL,ROL,ROL,ROL,ROL,ROL,ROL,ROL,ROL,ROL,ROL,ROL,ROL,ROL,ROL,ROL,ROL,ROL,ROL,ROL,ROL,ROL,ROL,ROL,ROL,ROL,ROL,ROL,ROL,ROL,ROL,ROL,ROL,ROL,ROL,ROL,ROL,ROL,ROL,ROL,ROL,ROL,ROL,ROL,ROL
2B,INV,INV,INV,INV,INV,INV,INV,INV,INV,INV,INV,INV,INV,INV,INV,INV,INV,INV,INV,INV,INV,INV,INV,INV,INV,INV,INV,INV,INV,INV,INV,INV,INV,INV,INV,INV,INV,INV,INV,INV,INV,INV,INV,INV,INV,INV,INV,INV,INV,INV,INV,INV,INV,INV,INV,INV,INV,INV,INV
2C,BIT,BIT,BIT,BIT,BIT,BIT,BIT,BIT,BIT,BIT,BIT,BIT,BIT,BIT,BIT,BIT,BIT,BIT,BIT,BIT,BIT,BIT,BIT,BIT,BIT,BIT,BIT,BIT,BIT,BIT,BIT,BIT,BIT,BIT,BIT,BIT,BIT,BIT,BIT,BIT,BIT,BIT,BIT,BIT,BIT,BIT,BIT,BIT,BIT,BIT,BIT,BIT,BIT,BIT,BIT,BIT,BIT,BIT,BIT
2D,AND,AND,AND,AND,AND,AND,AND,AND,AND,AND,AND,AND,AND,AND,AND,AND,AND,AND,AND,AND,AND,AND,AND,AND,AND,AND,AND,AND,AND,AND,AND,AND,AND,AND,AND,AND,AND,AND,AND,AND,AND,AND,AND,AND,AND,AND,AND,AND,AND,AND,AND,AND,AND,AND,AND,AND,AND,AND,AND
2E,ROL,ROL,ROL,ROL,ROL,ROL,ROL,ROL,ROL,ROL,ROL,ROL,ROL,ROL,ROL,ROL,ROL,ROL,ROL,ROL,ROL,ROL,ROL,ROL,ROL,ROL,ROL,ROL,ROL,ROL,ROL,ROL,ROL,ROL,ROL,ROL,ROL,ROL,ROL,ROL,ROL,ROL,ROL,ROL,ROL,ROL,ROL,ROL,ROL,ROL,ROL,ROL,ROL,ROL,ROL,ROL,ROL,ROL,ROL
2F,INV,INV,INV,INV,INV,INV,INV,INV,INV,INV,INV,INV,INV,INV,INV,INV,INV,INV,INV,INV,INV,INV,INV,INV,INV,INV,INV,INV,INV,INV,INV,INV,INV,INV,INV,INV,INV,INV,INV,INV,INV,INV,INV,INV,INV,INV,INV,INV,INV,INV,INV,INV,INV,INV,INV,INV,INV,INV,INV
30,BMI,BMI,BMI,BMI,BMI,BMI,BMI,BMI,BMI,BMI,BMI,BMI,BMI,BMI,BMI,BMI,BMI,BMI,BMI,BMI,BMI,BMI,BMI,BMI,BMI,BMI,BMI,BMI,BMI,BMI,BMI,BMI,BMI,BMI,BMI,BMI,BMI,BMI,BMI,BMI,BMI,BMI,BMI,BMI,BMI,BMI,BMI,BMI,BMI,BMI,BMI,BMI,BMI,BMI,BMI,BMI,BMI,BMI,BMI
31,AND,AND,AND,AND,AND,AND,AND,AND,AND,AND,AND,AND,AND,AND,AND,AND,AND,AND,AND,AND,AND,AND,AND,AND,AND,AND,AND,AND,AND,AND,AND,AND,AND,AND,AND,AND,AND,AND,AND,AND,AND,AND,AND,AND,AND,AND,AND,AND,AND,AND,AND,AND,AND,AND,AND,AND,AND,AND,AND
32,INV,INV,INV,INV,INV,INV,INV,INV,INV,INV,INV,INV,INV,INV,INV,INV,INV,INV,INV,INV,INV,INV,INV,INV,INV,INV,INV,INV,INV,INV,INV,INV,INV,INV,INV,INV,INV,INV,INV,INV,INV,INV,INV,INV,INV,INV,INV,INV,INV,INV,INV,INV,INV,INV,INV,INV,INV,INV,INV
33,INV,INV,INV,INV,INV,INV,INV,INV,INV,INV,INV,INV,INV,INV,INV,INV,INV,INV,INV,INV,INV,INV,INV,INV,INV,INV,INV,INV,INV,INV,INV,INV,INV,INV,INV,INV,INV,INV,INV,INV,INV,INV,INV,INV,INV,INV,INV,INV,INV,INV,INV,INV,INV,INV,INV,INV,INV,INV,INV
34,INV,INV,INV,INV,INV,INV,INV,INV,INV,INV,INV,INV,INV,INV,INV,INV,INV,INV,INV,INV,INV,INV,INV,INV,INV,INV,INV,INV,INV,INV,INV,INV,INV,INV,INV,INV,INV,INV,INV,INV,INV,INV,INV,INV,INV,INV,INV,INV,INV,INV,INV,INV,INV,INV,INV,INV,INV,INV,INV
35,AND,AND,AND,AND,AND,AND,AND,AND,AND,AND,AND,AND,AND,AND,AND,AND,AND,AND,AND,AND,AND,AND,AND,AND,AND,AND,AND,AND,AND,AND,AND,AND,AND,AND,AND,AND,AND,AND,AND,AND,AND,AND,AND,AND,AND,AND,AND,AND,AND,AND,AND,AND,AND,AND,AND,AND,AND,AND,AND
36,ROL,ROL,ROL,ROL,ROL,ROL,ROL,ROL,ROL,ROL,ROL,ROL,ROL,ROL,ROL,ROL,ROL,ROL,ROL,ROL,ROL,ROL,ROL,ROL,ROL,ROL,ROL,ROL,ROL,ROL,ROL,ROL,ROL,ROL,ROL,ROL,ROL,ROL,ROL,ROL,ROL,ROL,ROL,ROL,ROL,ROL,ROL,ROL,ROL,ROL,ROL,ROL,ROL,ROL,ROL,ROL,ROL,ROL,ROL
37,INV,INV,INV,INV,INV,INV,INV,INV,INV,INV,INV,INV,INV,INV,INV,INV,INV,INV,INV,INV,INV,INV,INV,INV,INV,INV,INV,INV,INV,INV,INV,INV,INV,INV,INV,INV,INV,INV,INV,INV,INV,INV,INV,INV,INV,INV,INV,INV,INV,INV,INV,INV,INV,INV,INV,INV,INV,INV,INV
38,SEC,SEC,SEC,SEC,SEC,SEC,SEC,SEC,SEC,SEC,SEC,SEC,SEC,SEC,SEC,SEC,SEC,SEC,SEC,SEC,SEC,SEC,SEC,SEC,SEC,SEC,SEC,SEC,SEC,SEC,SEC,SEC,SEC,SEC,SEC,SEC,SEC,SEC,SEC,SEC,SEC,SEC,SEC,SEC,SEC,SEC,SEC,SEC,SEC,SEC,SEC,SEC,SEC,SEC,SEC,SEC,SEC,SEC,SEC
39,AND,AND,AND,AND,AND,AND,AND,AND,AND,AND,AND,AND,AND,AND,AND,AND,AND,AND,AND,AND,AND,AND,AND,AND,AND,AND,AND,AND,AND,AND,AND,AND,AND,AND,AND,AND,AND,AND,AND,AND,AND,AND,AND,AND,AND,AND,AND,AND,AND,AND,AND,AND,AND,AND,AND,AND,AND,AND,AND
3A,INV,INV,INV,INV,INV,INV,INV,INV,INV,INV,INV,INV,INV,INV,INV,INV,INV,INV,INV,INV,INV,INV,INV,INV,INV,INV,INV,INV,INV,INV,INV,INV,INV,INV,INV,INV,INV,INV,INV,INV,INV,INV,INV,INV,INV,INV,INV,INV,INV,INV,INV,INV,INV,INV,INV,INV,INV,INV,INV
3B,INV,INV,INV,INV,INV,INV,INV,INV,INV,INV,INV,INV,INV,INV,INV,INV,INV,INV,INV,INV,INV,INV,INV,INV,INV,INV,INV,INV,INV,INV,INV,INV,INV,INV,INV,INV,INV,INV,INV,INV,INV,INV,INV,INV,INV,INV,INV,INV,INV,INV,INV,INV,INV,INV,INV,INV,INV,INV,INV
3C,INV,INV,INV,INV,INV,INV,INV,INV,INV,INV,INV,INV,INV,INV,INV,INV,INV,INV,INV,INV,INV,INV,INV,INV,INV,INV,INV,INV,INV,INV,INV,INV,INV,INV,INV,INV,INV,INV,INV,INV,INV,INV,INV,INV,INV,INV,INV,INV,INV,INV,INV,INV,INV,INV,INV,INV,INV,INV,INV
3D,AND,AND,AND,AND,AND,AND,AND,AND,AND,AND,AND,AND,AND,AND,AND,AND,AND,AND,AND,AND,AND,AND,AND,AND,AND,AND,AND,AND,AND,AND,AND,AND,AND,AND,AND,AND,AND,AND,AND,AND,AND,AND,AND,AND,AND,AND,AND,AND,AND,AND,AND,AND,AND,AND,AND,AND,AND,AND,AND
3E,ROL,ROL,ROL,ROL,ROL,ROL,ROL,ROL,ROL,ROL,ROL,ROL,ROL,ROL,ROL,ROL,ROL,ROL,ROL,ROL,ROL,ROL,ROL,ROL,ROL,ROL,ROL,ROL,ROL,ROL,ROL,ROL,ROL,ROL,ROL,ROL,ROL,ROL,ROL,ROL,ROL,ROL,ROL,ROL,ROL,ROL,ROL,ROL,ROL,ROL,ROL,ROL,ROL,ROL,ROL,ROL,ROL,ROL,ROL
3F,INV,INV,INV,INV,INV,INV,INV,INV,INV,INV,INV,INV,INV,INV,INV,INV,INV,INV,INV,INV,INV,INV,INV,INV,INV,INV,INV,INV,INV,INV,INV,INV,INV,INV,INV,INV,INV,INV,INV,INV,INV,INV,INV,INV,INV,INV,INV,INV,INV,INV,INV,INV,INV,INV,INV,INV,INV,INV,INV
40,RTI,RTI,RTI,RTI,RTI,RTI,RTI,RTI,RTI,RTI,RTI,RTI,RTI,RTI,RTI,RTI,RTI,RTI,RTI,RTI,RTI,RTI,RTI,RTI,RTI,RTI,RTI,RTI,RTI,RTI,RTI,RTI,RTI,RTI,RTI,RTI,RTI,RTI,RTI,RTI,RTI,RTI,RTI,RTI,RTI,RTI,RTI,RTI,RTI,RTI,RTI,RTI,RTI,RTI,RTI,RTI,RTI,RTI,RTI
41,EOR,EOR,EOR,EOR,EOR,EOR,EOR,EOR,EOR,EOR,EOR,EOR,EOR,EOR,EOR,EOR,EOR,EOR,EOR,EOR,EOR,EOR,EOR,EOR,EOR,EOR,EOR,EOR,EOR,EOR,EOR,EOR,EOR,EOR,EOR,EOR,EOR,EOR,EOR,EOR,EOR,EOR,EOR,EOR,EOR,EOR,EOR,EOR,EOR,EOR,EOR,EOR,EOR,EOR,EOR,EOR,EOR,EOR,EOR
42,INV,INV,INV,INV,INV,INV,INV,INV,INV,INV,INV,INV,INV,INV,INV,INV,INV,INV,INV,INV,INV,INV,INV,INV,INV,INV,INV,INV,INV,INV,INV,INV,INV,INV,INV,INV,INV,INV,INV,INV,INV,INV,INV,INV,INV,INV,INV,INV,INV,INV,INV,INV,INV,INV,INV,INV,INV,INV,INV
43,INV,INV,INV,INV,INV,INV,INV,INV,INV,INV,INV,INV,INV,INV,INV,INV,INV,INV,INV,INV,INV,INV,INV,INV,INV,INV,INV,INV,INV,INV,INV,INV,INV,INV,INV,INV,INV,INV,INV,INV,INV,INV,INV,INV,INV,INV,INV,INV,INV,INV,INV,INV,INV,INV,INV,INV,INV,INV,INV
44,INV,INV,INV,INV,INV,INV,INV,INV,INV,INV,INV,INV,INV,INV,INV,INV,INV,INV,INV,INV,INV,INV,INV,INV,INV,INV,INV,INV,INV,INV,INV,INV,INV,INV,INV,INV,INV,INV,INV,INV,INV,INV,INV,INV,INV,INV,INV,INV,INV,INV,INV,INV,INV,INV,INV,INV,INV,INV,INV
45,EOR,EOR,EOR,EOR,EOR,EOR,EOR,EOR,EOR,EOR,EOR,EOR,EOR,EOR,EOR,EOR,EOR,EOR,EOR,EOR,EOR,EOR,EOR,EOR,EOR,EOR,EOR,EOR,EOR,EOR,EOR,EOR,EOR,EOR,EOR,EOR,EOR,EOR,EOR,EOR,EOR,EOR,EOR,EOR,EOR,EOR,EOR,EOR,EOR,EOR,EOR,EOR,EOR,EOR,EOR,EOR,EOR,EOR,EOR
46,LSR,LSR,LSR,LSR,LSR,LSR,LSR,LSR,LSR,LSR,LSR,LSR,LSR,LSR,LSR,LSR,LSR,LSR,LSR,LSR,LSR,LSR,LSR,LSR,LSR,LSR,LSR,LSR,LSR,LSR,LSR,LSR,LSR,LSR,LSR,LSR,LSR,LSR,LSR,LSR,LSR,LSR,LSR,LSR,LSR,LSR,LSR,LSR,LSR,LSR,LSR,LSR,LSR,LSR,LSR,LSR,LSR,LSR,LSR
47,INV,INV,INV,INV,INV,INV,INV,INV,INV,INV,INV,INV,INV,INV,INV,INV,INV,INV,INV,INV,INV,INV,INV,INV,INV,INV,INV,INV,INV,INV,INV,INV,INV,INV,INV,INV,INV,INV,INV,INV,INV,INV,INV,INV,INV,INV,INV,INV,INV,INV,INV,INV,INV,INV,INV,INV,INV,INV,INV
48,PHA,PHA,PHA,PHA,PHA,PHA,PHA,PHA,PHA,PHA,PHA,PHA,PHA,PHA,PHA,PHA,PHA,PHA,PHA,PHA,PHA,PHA,PHA,PHA,PHA,PHA,PHA,PHA,PHA,PHA,PHA,PHA,PHA,PHA,PHA,PHA,PHA,PHA,PHA,PHA,PHA,PHA,PHA,PHA,PHA,PHA,PHA,PHA,PHA,PHA,PHA,PHA,PHA,PHA,PHA,PHA,PHA,PHA,PHA
49,EOR,EOR,EOR,EOR,EOR,EOR,EOR,EOR,EOR,EOR,EOR,EOR,EOR,EOR,EOR,EOR,EOR,EOR,EOR,EOR,EOR,EOR,EOR,EOR,EOR,EOR,EOR,EOR,EOR,EOR,EOR,EOR,EOR,EOR,EOR,EOR,EOR,EOR,EOR,EOR,EOR,EOR,EOR,EOR,EOR,EOR,EOR,EOR,EOR,EOR,EOR,EOR,EOR,EOR,EOR,EOR,EOR,EOR,EOR
4A,LSR,LSR,LSR,LSR,LSR,LSR,LSR,LSR,LSR,LSR,LSR,LSR,LSR,LSR,LSR,LSR,LSR,LSR,LSR,LSR,LSR,LSR,LSR,LSR,LSR,LSR,LSR,LSR,LSR,LSR,LSR,LSR,LSR,LSR,LSR,LSR,LSR,LSR,LSR,LSR,LSR,LSR,LSR,LSR,LSR,LSR,LSR,LSR,LSR,LSR,LSR,LSR,LSR,LSR,LSR,LSR,LSR,LSR,LSR
4B,INV,INV,INV,INV,INV,INV,INV,INV,INV,INV,INV,INV,INV,INV,INV,INV,INV,INV,INV,INV,INV,INV,INV,INV,INV,INV,INV,INV,INV,INV,INV,INV,INV,INV,INV,INV,INV,INV,INV,INV,INV,INV,INV,INV,INV,INV,INV,INV,INV,INV,INV,INV,INV,INV,INV,INV,INV,INV,INV
4C,JMP,JMP,JMP,JMP,JMP,JMP,JMP,JMP,JMP,JMP,JMP,JMP,JMP,JMP,JMP,JMP,JMP,JMP,JMP,JMP,JMP,JMP,JMP,JMP,JMP,JMP,JMP,JMP,JMP,JMP,JMP,JMP,JMP,JMP,JMP,JMP,JMP,JMP,JMP,JMP,JMP,JMP,JMP,JMP,JMP,JMP,JMP,JMP,JMP,JMP,JMP,JMP,JMP,JMP,JMP,JMP,JMP,JMP,JMP
4D,EOR,EOR,EOR,EOR,EOR,EOR,EOR,EOR,EOR,EOR,EOR,EOR,EOR,EOR,EOR,EOR,EOR,EOR,EOR,EOR,EOR,EOR,EOR,EOR,EOR,EOR,EOR,EOR,EOR,EOR,EOR,EOR,EOR,EOR,EOR,EOR,EOR,EOR,EOR,EOR,EOR,EOR,EOR,EOR,EOR,EOR,EOR,EOR,EOR,EOR,EOR,EOR,EOR,EOR,EOR,EOR,EOR,EOR,EOR
4E,LSR,LSR,LSR,LSR,LSR,LSR,LSR,LSR,LSR,LSR,LSR,LSR,LSR,LSR,LSR,LSR,LSR,LSR,LSR,LSR,LSR,LSR,LSR,LSR,LSR,LSR,LSR,LSR,LSR,LSR,LSR,LSR,LSR,LSR,LSR,LSR,LSR,LSR,LSR,LSR,LSR,LSR,LSR,LSR,LSR,LSR,LSR,LSR,LSR,LSR,LSR,LSR,LSR,LSR,LSR,LSR,LSR,LSR,LSR
4F,INV,INV,INV,INV,INV,INV,INV,INV,INV,INV,INV,INV,INV,INV,INV,INV,INV,INV,INV,INV,INV,INV,INV,INV,INV,INV,INV,INV,INV,INV,INV,INV,INV,INV,INV,INV,INV,INV,INV,INV,INV,INV,INV,INV,INV,INV,INV,INV,INV,INV,INV,INV,INV,INV,INV,INV,INV,INV,INV
50,BVC,BVC,BVC,BVC,BVC,BVC,BVC,BVC,BVC,BVC,BVC,BVC,BVC,BVC,BVC,BVC,BVC,BVC,BVC,BVC,BVC,BVC,BVC,BVC,BVC,BVC,BVC,BVC,BVC,BVC,BVC,BVC,BVC,BVC,BVC,BVC,BVC,BVC,BVC,BVC,BVC,BVC,BVC,BVC,BVC,BVC,BVC,BVC,BVC,BVC,BVC,BVC,BVC,BVC,BVC,BVC,BVC,BVC,BVC
51,EOR,EOR,EOR,EOR,EOR,EOR,EOR,EOR,EOR,EOR,EOR,EOR,EOR,EOR,EOR,EOR,EOR,EOR,EOR,EOR,EOR,EOR,EOR,EOR,EOR,EOR,EOR,EOR,EOR,EOR,EOR,EOR,EOR,EOR,EOR,EOR,EOR,EOR,EOR,EOR,EOR,EOR,EOR,EOR,EOR,EOR,EOR,EOR,EOR,EOR,EOR,EOR,EOR,EOR,EOR,EOR,EOR,EOR,EOR
52,INV,INV,INV,INV,INV,INV,INV,INV,INV,INV,INV,INV,INV,INV,INV,INV,INV,INV,INV,INV,INV,INV,INV,INV,INV,INV,INV,INV,INV,INV,INV,INV,INV,INV,INV,INV,INV,INV,INV,INV,INV,INV,INV,INV,INV,INV,INV,INV,INV,INV,INV,INV,INV,INV,INV,INV,INV,INV,INV
53,INV,INV,INV,INV,INV,INV,INV,INV,INV,INV,INV,INV,INV,INV,INV,INV,INV,INV,INV,INV,INV,INV,INV,INV,INV,INV,INV,INV,INV,INV,INV,INV,INV,INV,INV,INV,INV,INV,INV,INV,INV,INV,INV,INV,INV,INV,INV,INV,INV,INV,INV,INV,INV,INV,INV,INV,INV,INV,INV
54,INV,INV,INV,INV,INV,INV,INV,INV,INV,INV,INV,INV,INV,INV,INV,INV,INV,INV,INV,INV,INV,INV,INV,INV,INV,INV,INV,INV,INV,INV,INV,INV,INV,INV,INV,INV,INV,INV,INV,INV,INV,INV,INV,INV,INV,INV,INV,INV,INV,INV,INV,INV,INV,INV,INV,INV,INV,INV,INV
55,EOR,EOR,EOR,EOR,EOR,EOR,EOR,EOR,EOR,EOR,EOR,EOR,EOR,EOR,EOR,EOR,EOR,EOR,EOR,EOR,EOR,EOR,EOR,EOR,EOR,EOR,EOR,EOR,EOR,EOR,EOR,EOR,EOR,EOR,EOR,EOR,EOR,EOR,EOR,EOR,EOR,EOR,EOR,EOR,EOR,EOR,EOR,EOR,EOR,EOR,EOR,EOR,EOR,EOR,EOR,EOR,EOR,EOR,EOR
56,LSR,LSR,LSR,LSR,LSR,LSR,LSR,LSR,LSR,LSR,LSR,LSR,LSR,LSR,LSR,LSR,LSR,LSR,LSR,LSR,LSR,LSR,LSR,LSR,LSR,LSR,LSR,LSR,LSR,LSR,LSR,LSR,LSR,LSR,LSR,LSR,LSR,LSR,LSR,LSR,LSR,LSR,LSR,LSR,LSR,LSR,LSR,LSR,LSR,LSR,LSR,LSR,LSR,LSR,LSR,LSR,LSR,LSR,LSR
57,INV,INV,INV,INV,INV,INV,INV,INV,INV,INV,INV,INV,INV,INV,INV,INV,INV,INV,INV,INV,INV,INV,INV,INV,INV,INV,INV,INV,INV,INV,INV,INV,INV,INV,INV,INV,INV,INV,INV,INV,INV,INV,INV,INV,INV,INV,INV,INV,INV,INV,INV,INV,INV,INV,INV,INV,INV,INV,INV
58,CLI,CLI,CLI,CLI,CLI,CLI,CLI,CLI,CLI,CLI,CLI,CLI,CLI,CLI,CLI,CLI,CLI,CLI,CLI,CLI,CLI,CLI,CLI,CLI,CLI,CLI,CLI,CLI,CLI,CLI,CLI,CLI,CLI,CLI,CLI,CLI,CLI,CLI,CLI,CLI,CLI,CLI,CLI,CLI,CLI,CLI,CLI,CLI,CLI,CLI,CLI,CLI,CLI,CLI,CLI,CLI,CLI,CLI,CLI
59,EOR,EOR,EOR,EOR,EOR,EOR,EOR,EOR,EOR,EOR,EOR,EOR,EOR,EOR,EOR,EOR,EOR,EOR,EOR,EOR,EOR,EOR,EOR,EOR,EOR,EOR,EOR,EOR,EOR,EOR,EOR,EOR,EOR,EOR,EOR,EOR,EOR,EOR,EOR,EOR,EOR,EOR,EOR,EOR,EOR,EOR,EOR,EOR,EOR,EOR,EOR,EOR,EOR,EOR,EOR,EOR,EOR,EOR,EOR
5A,INV,INV,INV,INV,INV,INV,INV,INV,INV,INV,INV,INV,INV,INV,INV,INV,INV,INV,INV,INV,INV,INV,INV,INV,INV,INV,INV,INV,INV,INV,INV,INV,INV,INV,INV,INV,INV,INV,INV,INV,INV,INV,INV,INV,INV,INV,INV,INV,INV,INV,INV,INV,INV,INV,INV,INV,INV,INV,INV
5B,INV,INV,INV,INV,INV,INV,INV,INV,INV,INV,INV,INV,INV,INV,INV,INV,INV,INV,INV,INV,INV,INV,INV,INV,INV,INV,INV,INV,INV,INV,INV,INV,INV,INV,INV,INV,INV,INV,INV,INV,INV,INV,INV,INV,INV,INV,INV,INV,INV,INV,INV,INV,INV,INV,INV,INV,INV,INV,INV
5C,INV,INV,INV,INV,INV,INV,INV,INV,INV,INV,INV,INV,INV,INV,INV,INV,INV,INV,INV,INV,INV,INV,INV,INV,INV,INV,INV,INV,INV,INV,INV,INV,INV,INV,INV,INV,INV,INV,INV,INV,INV,INV,INV,INV,INV,INV,INV,INV,INV,INV,INV,INV,INV,INV,INV,INV,INV,INV,INV
5D,EOR,EOR,EOR,EOR,EOR,EOR,EOR,EOR,EOR,EOR,EOR,EOR,EOR,EOR,EOR,EOR,EOR,EOR,EOR,EOR,EOR,EOR,EOR,EOR,EOR,EOR,EOR,EOR,EOR,EOR,EOR,EOR,EOR,EOR,EOR,EOR,EOR,EOR,EOR,EOR,EOR,EOR,EOR,EOR,EOR,EOR,EOR,EOR,EOR,EOR,EOR,EOR,EOR,EOR,EOR,EOR,EOR,EOR,EOR
5E,LSR,LSR,LSR,LSR,LSR,LSR,LSR,LSR,LSR,LSR,LSR,LSR,LSR,LSR,LSR,LSR,LSR,LSR,LSR,LSR,LSR,LSR,LSR,LSR,LSR,LSR,LSR,LSR,LSR,LSR,LSR,LSR,LSR,LSR,LSR,LSR,LSR,LSR,LSR,LSR,LSR,LSR,LSR,LSR,LSR,LSR,LSR,LSR,LSR,LSR,LSR,LSR,LSR,LSR,LSR,LSR,LSR,LSR,LSR
5F,INV,INV,INV,INV,INV,INV,INV,INV,INV,INV,INV,INV,INV,INV,INV,INV,INV,INV,INV,INV,INV,INV,INV,INV,INV,INV,INV,INV,INV,INV,INV,INV,INV,INV,INV,INV,INV,INV,INV,INV,INV,INV,INV,INV,INV,INV,INV,INV,INV,INV,INV,INV,INV,INV,INV,INV,INV,INV,INV
60,RTS,RTS,RTS,RTS,RTS,RTS,RTS,RTS,RTS,RTS,RTS,RTS,RTS,RTS,RTS,RTS,RTS,RTS,RTS,RTS,RTS,RTS,RTS,RTS,RTS,RTS,RTS,RTS,RTS,RTS,RTS,RTS,RTS,RTS,RTS,RTS,RTS,RTS,RTS,RTS,RTS,RTS,RTS,RTS,RTS,RTS,RTS,RTS,RTS,RTS,RTS,RTS,RTS,RTS,RTS,RTS,RTS,RTS,RTS
61,ADC,ADC,ADC,ADC,ADC,ADC,ADC,ADC,ADC,ADC,ADC,ADC,ADC,ADC,ADC,ADC,ADC,ADC,ADC,ADC,ADC,ADC,ADC,ADC,ADC,ADC,ADC,ADC,ADC,ADC,ADC,ADC,ADC,ADC,ADC,ADC,ADC,ADC,ADC,ADC,ADC,ADC,ADC,ADC,ADC,ADC,ADC,ADC,ADC,ADC,ADC,ADC,ADC,ADC,ADC,ADC,ADC,ADC,ADC
62,INV,INV,INV,INV,INV,INV,INV,INV,INV,INV,INV,INV,INV,INV,INV,INV,INV,INV,INV,INV,INV,INV,INV,INV,INV,INV,INV,INV,INV,INV,INV,INV,INV,INV,INV,INV,INV,INV,INV,INV,INV,INV,INV,INV,INV,INV,INV,INV,INV,INV,INV,INV,INV,INV,INV,INV,INV,INV,INV
63,INV,INV,INV,INV,INV,INV,INV,INV,INV,INV,INV,INV,INV,INV,INV,INV,INV,INV,INV,INV,INV,INV,INV,INV,INV,INV,INV,INV,INV,INV,INV,INV,INV,INV,INV,INV,INV,INV,INV,INV,INV,INV,INV,INV,INV,INV,INV,INV,INV,INV,INV,INV,INV,INV,INV,INV,INV,INV,INV
64,INV,INV,INV,INV,INV,INV,INV,INV,INV,INV,INV,INV,INV,INV,INV,INV,INV,INV,INV,INV,INV,INV,INV,INV,INV,INV,INV,INV,INV,INV,INV,INV,INV,INV,INV,INV,INV,INV,INV,INV,INV,INV,INV,INV,INV,INV,INV,INV,INV,INV,INV,INV,INV,INV,INV,INV,INV,INV,INV
65,ADC,ADC,ADC,ADC,ADC,ADC,ADC,ADC,ADC,ADC,ADC,ADC,ADC,ADC,ADC,ADC,ADC,ADC,ADC,ADC,ADC,ADC,ADC,ADC,ADC,ADC,ADC,ADC,ADC,ADC,ADC,ADC,ADC,ADC,ADC,ADC,ADC,ADC,ADC,ADC,ADC,ADC,ADC,ADC,ADC,ADC,ADC,ADC,ADC,ADC,ADC,ADC,ADC,ADC,ADC,ADC,ADC,ADC,ADC
66,ROR,ROR,ROR,ROR,ROR,ROR,ROR,ROR,ROR,ROR,ROR,ROR,ROR,ROR,ROR,ROR,ROR,ROR,ROR,ROR,ROR,ROR,ROR,ROR,ROR,ROR,ROR,ROR,ROR,ROR,ROR,ROR,ROR,ROR,ROR,ROR,ROR,ROR,ROR,ROR,ROR,ROR,ROR,ROR,ROR,ROR,ROR,ROR,ROR,ROR,ROR,ROR,ROR,ROR,ROR,ROR,ROR,ROR,ROR
67,INV,INV,INV,INV,INV,INV,INV,INV,INV,INV,INV,INV,INV,INV,INV,INV,INV,INV,INV,INV,INV,INV,INV,INV,INV,INV,INV,INV,INV,INV,INV,INV,INV,INV,INV,INV,INV,INV,INV,INV,INV,INV,INV,INV,INV,INV,INV,INV,INV,INV,INV,INV,INV,INV,INV,INV,INV,INV,INV
68,PLA,PLA,PLA,PLA,PLA,PLA,PLA,PLA,PLA,PLA,PLA,PLA,PLA,PLA,PLA,PLA,PLA,PLA,PLA,PLA,PLA,PLA,PLA,PLA,PLA,PLA,PLA,PLA,PLA,PLA,PLA,PLA,PLA,PLA,PLA,PLA,PLA,PLA,PLA,PLA,PLA,PLA,PLA,PLA,PLA,PLA,PLA,PLA,PLA,PLA,PLA,PLA,PLA,PLA,PLA,PLA,PLA,PLA,PLA
69,ADC,ADC,ADC,ADC,ADC,ADC,ADC,ADC,ADC,ADC,ADC,ADC,ADC,ADC,ADC,ADC,ADC,ADC,ADC,ADC,ADC,ADC,ADC,ADC,ADC,ADC,ADC,ADC,ADC,ADC,ADC,ADC,ADC,ADC,ADC,ADC,ADC,ADC,ADC,ADC,ADC,ADC,ADC,ADC,ADC,ADC,ADC,ADC,ADC,ADC,ADC,ADC,ADC,ADC,ADC,ADC,ADC,ADC,ADC
6A,ROR,ROR,ROR,ROR,ROR,ROR,ROR,ROR,ROR,ROR,ROR,ROR,ROR,ROR,ROR,ROR,ROR,ROR,ROR,ROR,ROR,ROR,ROR,ROR,ROR,ROR,ROR,ROR,ROR,ROR,ROR,ROR,ROR,ROR,ROR,ROR,ROR,ROR,ROR,ROR,ROR,ROR,ROR,ROR,ROR,ROR,ROR,ROR,ROR,ROR,ROR,ROR,ROR,ROR,ROR,ROR,ROR,ROR,ROR
6B,INV,INV,INV,INV,INV,INV,INV,INV,INV,INV,INV,INV,INV,INV,INV,INV,INV,INV,INV,INV,INV,INV,INV,INV,INV,INV,INV,INV,INV,INV,INV,INV,INV,INV,INV,INV,INV,INV,INV,INV,INV,INV,INV,INV,INV,INV,INV,INV,INV,INV,INV,INV,INV,INV,INV,INV,INV,INV,INV
6C,JMP,JMP,JMP,JMP,JMP,JMP,JMP,JMP,JMP,JMP,JMP,JMP,JMP,JMP,JMP,JMP,JMP,JMP,JMP,JMP,JMP,JMP,JMP,JMP,JMP,JMP,JMP,JMP,JMP,JMP,JMP,JMP,JMP,JMP,JMP,JMP,JMP,JMP,JMP,JMP,JMP,JMP,JMP,JMP,JMP,JMP,JMP,JMP,JMP,JMP,JMP,JMP,JMP,JMP,JMP,JMP,JMP,JMP,JMP
6D,ADC,ADC,ADC,ADC,ADC,ADC,ADC,ADC,ADC,ADC,ADC,ADC,ADC,ADC,ADC,ADC,ADC,ADC,ADC,ADC,ADC,ADC,ADC,ADC,ADC,ADC,ADC,ADC,ADC,ADC,ADC,ADC,ADC,ADC,ADC,ADC,ADC,ADC,ADC,ADC,ADC,ADC,ADC,ADC,ADC,ADC,ADC,ADC,ADC,ADC,ADC,ADC,ADC,ADC,ADC,ADC,ADC,ADC,ADC
6E,ROR,ROR,ROR,ROR,ROR,ROR,ROR,ROR,ROR,ROR,ROR,ROR,ROR,ROR,ROR,ROR,ROR,ROR,ROR,ROR,ROR,ROR,ROR,ROR,ROR,ROR,ROR,ROR,ROR,ROR,ROR,ROR,ROR,ROR,ROR,ROR,ROR,ROR,ROR,ROR,ROR,ROR,ROR,ROR,ROR,ROR,ROR,ROR,ROR,ROR,ROR,ROR,ROR,ROR,ROR,ROR,ROR,ROR,ROR
6F,INV,INV,INV,INV,INV,INV,INV,INV,INV,INV,INV,INV,INV,INV,INV,INV,INV,INV,INV,INV,INV,INV,INV,INV,INV,INV,INV,INV,INV,INV,INV,INV,INV,INV,INV,INV,INV,INV,INV,INV,INV,INV,INV,INV,INV,INV,INV,INV,INV,INV,INV,INV,INV,INV,INV,INV,INV,INV,INV
70,BVS,BVS,BVS,BVS,BVS,BVS,BVS,BVS,BVS,BVS,BVS,BVS,BVS,BVS,BVS,BVS,BVS,BVS,BVS,BVS,BVS,BVS,BVS,BVS,BVS,BVS,BVS,BVS,BVS,BVS,BVS,BVS,BVS,BVS,BVS,BVS,BVS,BVS,BVS,BVS,BVS,BVS,BVS,BVS,BVS,BVS,BVS,BVS,BVS,BVS,BVS,BVS,BVS,BVS,BVS,BVS,BVS,BVS,BVS
71,ADC,ADC,ADC,ADC,ADC,ADC,ADC,ADC,ADC,ADC,ADC,ADC,ADC,ADC,ADC,ADC,ADC,ADC,ADC,ADC,ADC,ADC,ADC,ADC,ADC,ADC,ADC,ADC,ADC,ADC,ADC,ADC,ADC,ADC,ADC,ADC,ADC,ADC,ADC,ADC,ADC,ADC,ADC,ADC,ADC,ADC,ADC,ADC,ADC,ADC,ADC,ADC,ADC,ADC,ADC,ADC,ADC,ADC,ADC
72,INV,INV,INV,INV,INV,INV,INV,INV,INV,INV,INV,INV,INV,INV,INV,INV,INV,INV,INV,INV,INV,INV,INV,INV,INV,INV,INV,INV,INV,INV,INV,INV,INV,INV,INV,INV,INV,INV,INV,INV,INV,INV,INV,INV,INV,INV,INV,INV,INV,INV,INV,INV,INV,INV,INV,INV,INV,INV,INV
73,INV,INV,INV,INV,INV,INV,INV,INV,INV,INV,INV,INV,INV,INV,INV,INV,INV,INV,INV,INV,INV,INV,INV,INV,INV,INV,INV,INV,INV,INV,INV,INV,INV,INV,INV,INV,INV,INV,INV,INV,INV,INV,INV,INV,INV,INV,INV,INV,INV,INV,INV,INV,INV,INV,INV,INV,INV,INV,INV
74,INV,INV,INV,INV,INV,INV,INV,INV,INV,INV,INV,INV,INV,INV,INV,INV,INV,INV,INV,INV,INV,INV,INV,INV,INV,INV,INV,INV,INV,INV,INV,INV,INV,INV,INV,INV,INV,INV,INV,INV,INV,INV,INV,INV,INV,INV,INV,INV,INV,INV,INV,INV,INV,INV,INV,INV,INV,INV,INV
75,ADC,ADC,ADC,ADC,ADC,ADC,ADC,ADC,ADC,ADC,ADC,ADC,ADC,ADC,ADC,ADC,ADC,ADC,ADC,ADC,ADC,ADC,ADC,ADC,ADC,ADC,ADC,ADC,ADC,ADC,ADC,ADC,ADC,ADC,ADC,ADC,ADC,ADC,ADC,ADC,ADC,ADC,ADC,ADC,ADC,ADC,ADC,ADC,ADC,ADC,ADC,ADC,ADC,ADC,ADC,ADC,ADC,ADC,ADC
76,ROR,ROR,ROR,ROR,ROR,ROR,ROR,ROR,ROR,ROR,ROR,ROR,ROR,ROR,ROR,ROR,ROR,ROR,ROR,ROR,ROR,ROR,ROR,ROR,ROR,ROR,ROR,ROR,ROR,ROR,ROR,ROR,ROR,ROR,ROR,ROR,ROR,ROR,ROR,ROR,ROR,ROR,ROR,ROR,ROR,ROR,ROR,ROR,ROR,ROR,ROR,ROR,ROR,ROR,ROR,ROR,ROR,ROR,ROR
77,INV,INV,INV,INV,INV,INV,INV,INV,INV,INV,INV,INV,INV,INV,INV,INV,INV,INV,INV,INV,INV,INV,INV,INV,INV,INV,INV,INV,INV,INV,INV,INV,INV,INV,INV,INV,INV,INV,INV,INV,INV,INV,INV,INV,INV,INV,INV,INV,INV,INV,INV,INV,INV,INV,INV,INV,INV,INV,INV
78,SEI,SEI,SEI,SEI,SEI,SEI,SEI,SEI,SEI,SEI,SEI,SEI,SEI,SEI,SEI,SEI,SEI,SEI,SEI,SEI,SEI,SEI,SEI,SEI,SEI,SEI,SEI,SEI,SEI,SEI,SEI,SEI,SEI,SEI,SEI,SEI,SEI,SEI,SEI,SEI,SEI,SEI,SEI,SEI,SEI,SEI,SEI,SEI,SEI,SEI,SEI,SEI,SEI,SEI,SEI,SEI,SEI,SEI,SEI
79,ADC,ADC,ADC,ADC,ADC,ADC,ADC,ADC,ADC,ADC,ADC,ADC,ADC,ADC,ADC,ADC,ADC,ADC,ADC,ADC,ADC,ADC,ADC,ADC,ADC,ADC,ADC,ADC,ADC,ADC,ADC,ADC,ADC,ADC,ADC,ADC,ADC,ADC,ADC,ADC,ADC,ADC,ADC,ADC,ADC,ADC,ADC,ADC,ADC,ADC,ADC,ADC,ADC,ADC,ADC,ADC,ADC,ADC,ADC
7A,INV,INV,INV,INV,INV,INV,INV,INV,INV,INV,INV,INV,INV,INV,INV,INV,INV,INV,INV,INV,INV,INV,INV,INV,INV,INV,INV,INV,INV,INV,INV,INV,INV,INV,INV,INV,INV,INV,INV,INV,INV,INV,INV,INV,INV,INV,INV,INV,INV,INV,INV,INV,INV,INV,INV,INV,INV,INV,INV
7B,INV,INV,INV,INV,INV,INV,INV,INV,INV,INV,INV,INV,INV,INV,INV,INV,INV,INV,INV,INV,INV,INV,INV,INV,INV,INV,INV,INV,INV,INV,INV,INV,INV,INV,INV,INV,INV,INV,INV,INV,INV,INV,INV,INV,INV,INV,INV,INV,INV,INV,INV,INV,INV,INV,INV,INV,INV,INV,INV
7C,INV,INV,INV,INV,INV,INV,INV,INV,INV,INV,INV,INV,INV,INV,INV,INV,INV,INV,INV,INV,INV,INV,INV,INV,INV,INV,INV,INV,INV,INV,INV,INV,INV,INV,INV,INV,INV,INV,INV,INV,INV,INV,INV,INV,INV,INV,INV,INV,INV,INV,INV,INV,INV,INV,INV,INV,INV,INV,INV
7D,ADC,ADC,ADC,ADC,ADC,ADC,ADC,ADC,ADC,ADC,ADC,ADC,ADC,ADC,ADC,ADC,ADC,ADC,ADC,ADC,ADC,ADC,ADC,ADC,ADC,ADC,ADC,ADC,ADC,ADC,ADC,ADC,ADC,ADC,ADC,ADC,ADC,ADC,ADC,ADC,ADC,ADC,ADC,ADC,ADC,ADC,ADC,ADC,ADC,ADC,ADC,ADC,ADC,ADC,ADC,ADC,ADC,ADC,ADC
7E,ROR,ROR,ROR,ROR,ROR,ROR,ROR,ROR,ROR,ROR,ROR,ROR,ROR,ROR,ROR,ROR,ROR,ROR,ROR,ROR,ROR,ROR,ROR,ROR,ROR,ROR,ROR,ROR,ROR,ROR,ROR,ROR,ROR,ROR,ROR,ROR,ROR,ROR,ROR,ROR,ROR,ROR,ROR,ROR,ROR,ROR,ROR,ROR,ROR,ROR,ROR,ROR,ROR,ROR,ROR,ROR,ROR,ROR,ROR
7F,INV,INV,INV,INV,INV,INV,INV,INV,INV,INV,INV,INV,INV,INV,INV,INV,INV,INV,INV,INV,INV,INV,INV,INV,INV,INV,INV,INV,INV,INV,INV,INV,INV,INV,INV,INV,INV,INV,INV,INV,INV,INV,INV,INV,INV,INV,INV,INV,INV,INV,INV,INV,INV,INV,INV,INV,INV,INV,INV
80,INV,INV,INV,INV,INV,INV,INV,INV,INV,INV,INV,INV,INV,INV,INV,INV,INV,INV,INV,INV,INV,INV,INV,INV,INV,INV,INV,INV,INV,INV,INV,INV,INV,INV,INV,INV,INV,INV,INV,INV,INV,INV,INV,INV,INV,INV,INV,INV,INV,INV,INV,INV,INV,INV,INV,INV,INV,INV,INV
81,STA,STA,STA,STA,STA,STA,STA,STA,STA,STA,STA,STA,STA,STA,STA,STA,STA,STA,STA,STA,STA,STA,STA,STA,STA,STA,STA,STA,STA,STA,STA,STA,STA,STA,STA,STA,STA,STA,STA,STA,STA,STA,STA,STA,STA,STA,STA,STA,STA,STA,STA,STA,STA,STA,STA,STA,STA,STA,STA
82,INV,INV,INV,INV,INV,INV,INV,INV,INV,INV,INV,INV,INV,INV,INV,INV,INV,INV,INV,INV,INV,INV,INV,INV,INV,INV,INV,INV,INV,INV,INV,INV,INV,INV,INV,INV,INV,INV,INV,INV,INV,INV,INV,INV,INV,INV,INV,INV,INV,INV,INV,INV,INV,INV,INV,INV,INV,INV,INV
83,INV,INV,INV,INV,INV,INV,INV,INV,INV,INV,INV,INV,INV,INV,INV,INV,INV,INV,INV,INV,INV,INV,INV,INV,INV,INV,INV,INV,INV,INV,INV,INV,INV,INV,INV,INV,INV,INV,INV,INV,INV,INV,INV,INV,INV,INV,INV,INV,INV,INV,INV,INV,INV,INV,INV,INV,INV,INV,INV
84,STY,STY,STY,STY,STY,STY,STY,STY,STY,STY,STY,STY,STY,STY,STY,STY,STY,STY,STY,STY,STY,STY,STY,STY,STY,STY,STY,STY,STY,STY,STY,STY,STY,STY,STY,STY,STY,STY,STY,STY,STY,STY,STY,STY,STY,STY,STY,STY,STY,STY,STY,STY,STY,STY,STY,STY,STY,STY,STY
85,STA,STA,STA,STA,STA,STA,STA,STA,STA,STA,STA,STA,STA,STA,STA,STA,STA,STA,STA,STA,STA,STA,STA,STA,STA,STA,STA,STA,STA,STA,STA,STA,STA,STA,STA,STA,STA,STA,STA,STA,STA,STA,STA,STA,STA,STA,STA,STA,STA,STA,STA,STA,STA,STA,STA,STA,STA,STA,STA
86,STX,STX,STX,STX,STX,STX,STX,STX,STX,STX,STX,STX,STX,STX,STX,STX,STX,STX,STX,STX,STX,STX,STX,STX,STX,STX,STX,STX,STX,STX,STX,STX,STX,STX,STX,STX,STX,STX,STX,STX,STX,STX,STX,STX,STX,STX,STX,STX,STX,STX,STX,STX,STX,STX,STX,STX,STX,STX,STX
87,INV,INV,INV,INV,INV,INV,INV,INV,INV,INV,INV,INV,INV,INV,INV,INV,INV,INV,INV,INV,INV,INV,INV,INV,INV,INV,INV,INV,INV,INV,INV,INV,INV,INV,INV,INV,INV,INV,INV,INV,INV,INV,INV,INV,INV,INV,INV,INV,INV,INV,INV,INV,INV,INV,INV,INV,INV,INV,INV
88,DEY,DEY,DEY,DEY,DEY,DEY,DEY,DEY,DEY,DEY,DEY,DEY,DEY,DEY,DEY,DEY,DEY,DEY,DEY,DEY,DEY,DEY,DEY,DEY,DEY,DEY,DEY,DEY,DEY,DEY,DEY,DEY,DEY,DEY,DEY,DEY,DEY,DEY,DEY,DEY,DEY,DEY,DEY,DEY,DEY,DEY,DEY,DEY,DEY,DEY,DEY,DEY,DEY,DEY,DEY,DEY,DEY,DEY,DEY
89,INV,INV,INV,INV,INV,INV,INV,INV,INV,INV,INV,INV,INV,INV,INV,INV,INV,INV,INV,INV,INV,INV,INV,INV,INV,INV,INV,INV,INV,INV,INV,INV,INV,INV,INV,INV,INV,INV,INV,INV,INV,INV,INV,INV,INV,INV,INV,INV,INV,INV,INV,INV,INV,INV,INV,INV,INV,INV,INV
8A,TXA,TXA,TXA,TXA,TXA,TXA,TXA,TXA,TXA,TXA,TXA,TXA,TXA,TXA,TXA,TXA,TXA,TXA,TXA,TXA,TXA,TXA,TXA,TXA,TXA,TXA,TXA,TXA,TXA,TXA,TXA,TXA,TXA,TXA,TXA,TXA,TXA,TXA,TXA,TXA,TXA,TXA,TXA,TXA,TXA,TXA,TXA,TXA,TXA,TXA,TXA,TXA,TXA,TXA,TXA,TXA,TXA,TXA,TXA
8B,INV,INV,INV,INV,INV,INV,INV,INV,INV,INV,INV,INV,INV,INV,INV,INV,INV,INV,INV,INV,INV,INV,INV,INV,INV,INV,INV,INV,INV,INV,INV,INV,INV,INV,INV,INV,INV,INV,INV,INV,INV,INV,INV,INV,INV,INV,INV,INV,INV,INV,INV,INV,INV,INV,INV,INV,INV,INV,INV
8C,STY,STY,STY,STY,STY,STY,STY,STY,STY,STY,STY,STY,STY,STY,STY,STY,STY,STY,STY,STY,STY,STY,STY,STY,STY,STY,STY,STY,STY,STY,STY,STY,STY,STY,STY,STY,STY,STY,STY,STY,STY,STY,STY,STY,STY,STY,STY,STY,STY,STY,STY,STY,STY,STY,STY,STY,STY,STY,STY
8D,STA,STA,STA,STA,STA,STA,STA,STA,STA,STA,STA,STA,STA,STA,STA,STA,STA,STA,STA,STA,STA,STA,STA,STA,STA,STA,STA,STA,STA,STA,STA,STA,STA,STA,STA,STA,STA,STA,STA,STA,STA,STA,STA,STA,STA,STA,STA,STA,STA,STA,STA,STA,STA,STA,STA,STA,STA,STA,STA
8E,STX,STX,STX,STX,STX,STX,STX,STX,STX,STX,STX,STX,STX,STX,STX,STX,STX,STX,STX,STX,STX,STX,STX,STX,STX,STX,STX,STX,STX,STX,STX,STX,STX,STX,STX,STX,STX,STX,STX,STX,STX,STX,STX,STX,STX,STX,STX,STX,STX,STX,STX,STX,STX,STX,STX,STX,STX,STX,STX
8F,INV,INV,INV,INV,INV,INV,INV,INV,INV,INV,INV,INV,INV,INV,INV,INV,INV,INV,INV,INV,INV,INV,INV,INV,INV,INV,INV,INV,INV,INV,INV,INV,INV,INV,INV,INV,INV,INV,INV,INV,INV,INV,INV,INV,INV,INV,INV,INV,INV,INV,INV,INV,INV,INV,INV,INV,INV,INV,INV
90,BCC,BCC,BCC,BCC,BCC,BCC,BCC,BCC,BCC,BCC,BCC,BCC,BCC,BCC,BCC,BCC,BCC,BCC,BCC,BCC,BCC,BCC,BCC,BCC,BCC,BCC,BCC,BCC,BCC,BCC,BCC,BCC,BCC,BCC,BCC,BCC,BCC,BCC,BCC,BCC,BCC,BCC,BCC,BCC,BCC,BCC,BCC,BCC,BCC,BCC,BCC,BCC,BCC,BCC,BCC,BCC,BCC,BCC,BCC
91,STA,STA,STA,STA,STA,STA,STA,STA,STA,STA,STA,STA,STA,STA,STA,STA,STA,STA,STA,STA,STA,STA,STA,STA,STA,STA,STA,STA,STA,STA,STA,STA,STA,STA,STA,STA,STA,STA,STA,STA,STA,STA,STA,STA,STA,STA,STA,STA,STA,STA,STA,STA,STA,STA,STA,STA,STA,STA,STA
92,INV,INV,INV,INV,INV,INV,INV,INV,INV,INV,INV,INV,INV,INV,INV,INV,INV,INV,INV,INV,INV,INV,INV,INV,INV,INV,INV,INV,INV,INV,INV,INV,INV,INV,INV,INV,INV,INV,INV,INV,INV,INV,INV,INV,INV,INV,INV,INV,INV,INV,INV,INV,INV,INV,INV,INV,INV,INV,INV
93,INV,INV,INV,INV,INV,INV,INV,INV,INV,INV,INV,INV,INV,INV,INV,INV,INV,INV,INV,INV,INV,INV,INV,INV,INV,INV,INV,INV,INV,INV,INV,INV,INV,INV,INV,INV,INV,INV,INV,INV,INV,INV,INV,INV,INV,INV,INV,INV,INV,INV,INV,INV,INV,INV,INV,INV,INV,INV,INV
94,STY,STY,STY,STY,STY,STY,STY,STY,STY,STY,STY,STY,STY,STY,STY,STY,STY,STY,STY,STY,STY,STY,STY,STY,STY,STY,STY,STY,STY,STY,STY,STY,STY,STY,STY,STY,STY,STY,STY,STY,STY,STY,STY,STY,STY,STY,STY,STY,STY,STY,STY,STY,STY,STY,STY,STY,STY,STY,STY
95,STA,STA,STA,STA,STA,STA,STA,STA,STA,STA,STA,STA,STA,STA,STA,STA,STA,STA,STA,STA,STA,STA,STA,STA,STA,STA,STA,STA,STA,STA,STA,STA,STA,STA,STA,STA,STA,STA,STA,STA,STA,STA,STA,STA,STA,STA,STA,STA,STA,STA,STA,STA,STA,STA,STA,STA,STA,STA,STA
96,STX,STX,STX,STX,STX,STX,STX,STX,STX,STX,STX,STX,STX,STX,STX,STX,STX,STX,STX,STX,STX,STX,STX,STX,STX,STX,STX,STX,STX,STX,STX,STX,STX,STX,STX,STX,STX,STX,STX,STX,STX,STX,STX,STX,STX,STX,STX,STX,STX,STX,STX,STX,STX,STX,STX,STX,STX,STX,STX
97,INV,INV,INV,INV,INV,INV,INV,INV,INV,INV,INV,INV,INV,INV,INV,INV,INV,INV,INV,INV,INV,INV,INV,INV,INV,INV,INV,INV,INV,INV,INV,INV,INV,INV,INV,INV,INV,INV,INV,INV,INV,INV,INV,INV,INV,INV,INV,INV,INV,INV,INV,INV,INV,INV,INV,INV,INV,INV,INV
98,TYA,TYA,TYA,TYA,TYA,TYA,TYA,TYA,TYA,TYA,TYA,TYA,TYA,TYA,TYA,TYA,TYA,TYA,TYA,TYA,TYA,TYA,TYA,TYA,TYA,TYA,TYA,TYA,TYA,TYA,TYA,TYA,TYA,TYA,TYA,TYA,TYA,TYA,TYA,TYA,TYA,TYA,TYA,TYA,TYA,TYA,TYA,TYA,TYA,TYA,TYA,TYA,TYA,TYA,TYA,TYA,TYA,TYA,TYA
99,STA,STA,STA,STA,STA,STA,STA,STA,STA,STA,STA,STA,STA,STA,STA,STA,STA,STA,STA,STA,STA,STA,STA,STA,STA,STA,STA,STA,STA,STA,STA,STA,STA,STA,STA,STA,STA,STA,STA,STA,STA,STA,STA,STA,STA,STA,STA,STA,STA,STA,STA,STA,STA,STA,STA,STA,STA,STA,STA
9A,TXS,TXS,TXS,TXS,TXS,TXS,TXS,TXS,TXS,TXS,TXS,TXS,TXS,TXS,TXS,TXS,TXS,TXS,TXS,TXS,TXS,TXS,TXS,TXS,TXS,TXS,TXS,TXS,TXS,TXS,TXS,TXS,TXS,TXS,TXS,TXS,TXS,TXS,TXS,TXS,TXS,TXS,TXS,TXS,TXS,TXS,TXS,TXS,TXS,TXS,TXS,TXS,TXS,TXS,TXS,TXS,TXS,TXS,TXS
9B,INV,INV,INV,INV,INV,INV,INV,INV,INV,INV,INV,INV,INV,INV,INV,INV,INV,INV,INV,INV,INV,INV,INV,INV,INV,INV,INV,INV,INV,INV,INV,INV,INV,INV,INV,INV,INV,INV,INV,INV,INV,INV,INV,INV,INV,INV,INV,INV,INV,INV,INV,INV,INV,INV,INV,INV,INV,INV,INV
9C,INV,INV,INV,INV,INV,INV,INV,INV,INV,INV,INV,INV,INV,INV,INV,INV,INV,INV,INV,INV,INV,INV,INV,INV,INV,INV,INV,INV,INV,INV,INV,INV,INV,INV,INV,INV,INV,INV,INV,INV,INV,INV,INV,INV,INV,INV,INV,INV,INV,INV,INV,INV,INV,INV,INV,INV,INV,INV,INV
9D,STA,STA,STA,STA,STA,STA,STA,STA,STA,STA,STA,STA,STA,STA,STA,STA,STA,STA,STA,STA,STA,STA,STA,STA,STA,STA,STA,STA,STA,STA,STA,STA,STA,STA,STA,STA,STA,STA,STA,STA,STA,STA,STA,STA,STA,STA,STA,STA,STA,STA,STA,STA,STA,STA,STA,STA,STA,STA,STA
9E,INV,INV,INV,INV,INV,INV,INV,INV,INV,INV,INV,INV,INV,INV,INV,INV,INV,INV,INV,INV,INV,INV,INV,INV,INV,INV,INV,INV,INV,INV,INV,INV,INV,INV,INV,INV,INV,INV,INV,INV,INV,INV,INV,INV,INV,INV,INV,INV,INV,INV,INV,INV,INV,INV,INV,INV,INV,INV,INV
9F,INV,INV,INV,INV,INV,INV,INV,INV,INV,INV,INV,INV,INV,INV,INV,INV,INV,INV,INV,INV,INV,INV,INV,INV,INV,INV,INV,INV,INV,INV,INV,INV,INV,INV,INV,INV,INV,INV,INV,INV,INV,INV,INV,INV,INV,INV,INV,INV,INV,INV,INV,INV,INV,INV,INV,INV,INV,INV,INV
A0,LDY,LDY,LDY,LDY,LDY,LDY,LDY,LDY,LDY,LDY,LDY,LDY,LDY,LDY,LDY,LDY,LDY,LDY,LDY,LDY,LDY,LDY,LDY,LDY,LDY,LDY,LDY,LDY,LDY,LDY,LDY,LDY,LDY,LDY,LDY,LDY,LDY,LDY,LDY,LDY,LDY,LDY,LDY,LDY,LDY,LDY,LDY,LDY,LDY,LDY,LDY,LDY,LDY,LDY,LDY,LDY,LDY,LDY,LDY
A1,LDA,LDA,LDA,LDA,LDA,LDA,LDA,LDA,LDA,LDA,LDA,LDA,LDA,LDA,LDA,LDA,LDA,LDA,LDA,LDA,LDA,LDA,LDA,LDA,LDA,LDA,LDA,LDA,LDA,LDA,LDA,LDA,LDA,LDA,LDA,LDA,LDA,LDA,LDA,LDA,LDA,LDA,LDA,LDA,LDA,LDA,LDA,LDA,LDA,LDA,LDA,LDA,LDA,LDA,LDA,LDA,LDA,LDA,LDA
A2,LDX,LDX,LDX,LDX,LDX,LDX,LDX,LDX,LDX,LDX,LDX,LDX,LDX,LDX,LDX,LDX,LDX,LDX,LDX,LDX,LDX,LDX,LDX,LDX,LDX,LDX,LDX,LDX,LDX,LDX,LDX,LDX,LDX,LDX,LDX,LDX,LDX,LDX,LDX,LDX,LDX,LDX,LDX,LDX,LDX,LDX,LDX,LDX,LDX,LDX,LDX,LDX,LDX,LDX,LDX,LDX,LDX,LDX,LDX
A3,INV,INV,INV,INV,INV,INV,INV,INV,INV,INV,INV,INV,INV,INV,INV,INV,INV,INV,INV,INV,INV,INV,INV,INV,INV,INV,INV,INV,INV,INV,INV,INV,INV,INV,INV,INV,INV,INV,INV,INV,INV,INV,INV,INV,INV,INV,INV,INV,INV,INV,INV,INV,INV,INV,INV,INV,INV,INV,INV
A4,LDY,LDY,LDY,LDY,LDY,LDY,LDY,LDY,LDY,LDY,LDY,LDY,LDY,LDY,LDY,LDY,LDY,LDY,LDY,LDY,LDY,LDY,LDY,LDY,LDY,LDY,LDY,LDY,LDY,LDY,LDY,LDY,LDY,LDY,LDY,LDY,LDY,LDY,LDY,LDY,LDY,LDY,LDY,LDY,LDY,LDY,LDY,LDY,LDY,LDY,LDY,LDY,LDY,LDY,LDY,LDY,LDY,LDY,LDY
A5,LDA,LDA,LDA,LDA,LDA,LDA,LDA,LDA,LDA,LDA,LDA,LDA,LDA,LDA,LDA,LDA,LDA,LDA,LDA,LDA,LDA,LDA,LDA,LDA,LDA,LDA,LDA,LDA,LDA,LDA,LDA,LDA,LDA,LDA,LDA,LDA,LDA,LDA,LDA,LDA,LDA,LDA,LDA,LDA,LDA,LDA,LDA,LDA,LDA,LDA,LDA,LDA,LDA,LDA,LDA,LDA,LDA,LDA,LDA
A6,LDX,LDX,LDX,LDX,LDX,LDX,LDX,LDX,LDX,LDX,LDX,LDX,LDX,LDX,LDX,LDX,LDX,LDX,LDX,LDX,LDX,LDX,LDX,LDX,LDX,LDX,LDX,LDX,LDX,LDX,LDX,LDX,LDX,LDX,LDX,LDX,LDX,LDX,LDX,LDX,LDX,LDX,LDX,LDX,LDX,LDX,LDX,LDX,LDX,LDX,LDX,LDX,LDX,LDX,LDX,LDX,LDX,LDX,LDX
A7,INV,INV,INV,INV,INV,INV,INV,INV,INV,INV,INV,INV,INV,INV,INV,INV,INV,INV,INV,INV,INV,INV,INV,INV,INV,INV,INV,INV,INV,INV,INV,INV,INV,INV,INV,INV,INV,INV,INV,INV,INV,INV,INV,INV,INV,INV,INV,INV,INV,INV,INV,INV,INV,INV,INV,INV,INV,INV,INV
A8,TAY,TAY,TAY,TAY,TAY,TAY,TAY,TAY,TAY,TAY,TAY,TAY,TAY,TAY,TAY,TAY,TAY,TAY,TAY,TAY,TAY,TAY,TAY,TAY,TAY,TAY,TAY,TAY,TAY,TAY,TAY,TAY,TAY,TAY,TAY,TAY,TAY,TAY,TAY,TAY,TAY,TAY,TAY,TAY,TAY,TAY,TAY,TAY,TAY,TAY,TAY,TAY,TAY,TAY,TAY,TAY,TAY,TAY,TAY
A9,LDA,LDA,LDA,LDA,LDA,LDA,LDA,LDA,LDA,LDA,LDA,LDA,LDA,LDA,LDA,LDA,LDA,LDA,LDA,LDA,LDA,LDA,LDA,LDA,LDA,LDA,LDA,LDA,LDA,LDA,LDA,LDA,LDA,LDA,LDA,LDA,LDA,LDA,LDA,LDA,LDA,LDA,LDA,LDA,LDA,LDA,LDA,LDA,LDA,LDA,LDA,LDA,LDA,LDA,LDA,LDA,LDA,LDA,LDA
AA,TAX,TAX,TAX,TAX,TAX,TAX,TAX,TAX,TAX,TAX,TAX,TAX,TAX,TAX,TAX,TAX,TAX,TAX,TAX,TAX,TAX,TAX,TAX,TAX,TAX,TAX,TAX,TAX,TAX,TAX,TAX,TAX,TAX,TAX,TAX,TAX,TAX,TAX,TAX,TAX,TAX,TAX,TAX,TAX,TAX,TAX,TAX,TAX,TAX,TAX,TAX,TAX,TAX,TAX,TAX,TAX,TAX,TAX,TAX
AB,INV,INV,INV,INV,INV,INV,INV,INV,INV,INV,INV,INV,INV,INV,INV,INV,INV,INV,INV,INV,INV,INV,INV,INV,INV,INV,INV,INV,INV,INV,INV,INV,INV,INV,INV,INV,INV,INV,INV,INV,INV,INV,INV,INV,INV,INV,INV,INV,INV,INV,INV,INV,INV,INV,INV,INV,INV,INV,INV
AC,LDY,LDY,LDY,LDY,LDY,LDY,LDY,LDY,LDY,LDY,LDY,LDY,LDY,LDY,LDY,LDY,LDY,LDY,LDY,LDY,LDY,LDY,LDY,LDY,LDY,LDY,LDY,LDY,LDY,LDY,LDY,LDY,LDY,LDY,LDY,LDY,LDY,LDY,LDY,LDY,LDY,LDY,LDY,LDY,LDY,LDY,LDY,LDY,LDY,LDY,LDY,LDY,LDY,LDY,LDY,LDY,LDY,LDY,LDY
AD,LDA,LDA,LDA,LDA,LDA,LDA,LDA,LDA,LDA,LDA,LDA,LDA,LDA,LDA,LDA,LDA,LDA,LDA,LDA,LDA,LDA,LDA,LDA,LDA,LDA,LDA,LDA,LDA,LDA,LDA,LDA,LDA,LDA,LDA,LDA,LDA,LDA,LDA,LDA,LDA,LDA,LDA,LDA,LDA,LDA,LDA,LDA,LDA,LDA,LDA,LDA,LDA,LDA,LDA,LDA,LDA,LDA,LDA,LDA
AE,LDX,LDX,LDX,LDX,LDX,LDX,LDX,LDX,LDX,LDX,LDX,LDX,LDX,LDX,LDX,LDX,LDX,LDX,LDX,LDX,LDX,LDX,LDX,LDX,LDX,LDX,LDX,LDX,LDX,LDX,LDX,LDX,LDX,LDX,LDX,LDX,LDX,LDX,LDX,LDX,LDX,LDX,LDX,LDX,LDX,LDX,LDX,LDX,LDX,LDX,LDX,LDX,LDX,LDX,LDX,LDX,LDX,LDX,LDX
AF,INV,INV,INV,INV,INV,INV,INV,INV,INV,INV,INV,INV,INV,INV,INV,INV,INV,INV,INV,INV,INV,INV,INV,INV,INV,INV,INV,INV,INV,INV,INV,INV,INV,INV,INV,INV,INV,INV,INV,INV,INV,INV,INV,INV,INV,INV,INV,INV,INV,INV,INV,INV,INV,INV,INV,INV,INV,INV,INV
B0,BCS,BCS,BCS,BCS,BCS,BCS,BCS,BCS,BCS,BCS,BCS,BCS,BCS,BCS,BCS,BCS,BCS,BCS,BCS,BCS,BCS,BCS,BCS,BCS,BCS,BCS,BCS,BCS,BCS,BCS,BCS,BCS,BCS,BCS,BCS,BCS,BCS,BCS,BCS,BCS,BCS,BCS,BCS,BCS,BCS,BCS,BCS,BCS,BCS,BCS,BCS,BCS,BCS,BCS,BCS,BCS,BCS,BCS,BCS
B1,LDA,LDA,LDA,LDA,LDA,LDA,LDA,LDA,LDA,LDA,LDA,LDA,LDA,LDA,LDA,LDA,LDA,LDA,LDA,LDA,LDA,LDA,LDA,LDA,LDA,LDA,LDA,LDA,LDA,LDA,LDA,LDA,LDA,LDA,LDA,LDA,LDA,LDA,LDA,LDA,LDA,LDA,LDA,LDA,LDA,LDA,LDA,LDA,LDA,LDA,LDA,LDA,LDA,LDA,LDA,LDA,LDA,LDA,LDA
B2,INV,INV,INV,INV,INV,INV,INV,INV,INV,INV,INV,INV,INV,INV,INV,INV,INV,INV,INV,INV,INV,INV,INV,INV,INV,INV,INV,INV,INV,INV,INV,INV,INV,INV,INV,INV,INV,INV,INV,INV,INV,INV,INV,INV,INV,INV,INV,INV,INV,INV,INV,INV,INV,INV,INV,INV,INV,INV,INV
B3,INV,INV,INV,INV,INV,INV,INV,INV,INV,INV,INV,INV,INV,INV,INV,INV,INV,INV,INV,INV,INV,INV,INV,INV,INV,INV,INV,INV,INV,INV,INV,INV,INV,INV,INV,INV,INV,INV,INV,INV,INV,INV,INV,INV,INV,INV,INV,INV,INV,INV,INV,INV,INV,INV,INV,INV,INV,INV,INV
B4,LDY,LDY,LDY,LDY,LDY,LDY,LDY,LDY,LDY,LDY,LDY,LDY,LDY,LDY,LDY,LDY,LDY,LDY,LDY,LDY,LDY,LDY,LDY,LDY,LDY,LDY,LDY,LDY,LDY,LDY,LDY,LDY,LDY,LDY,LDY,LDY,LDY,LDY,LDY,LDY,LDY,LDY,LDY,LDY,LDY,LDY,LDY,LDY,LDY,LDY,LDY,LDY,LDY,LDY,LDY,LDY,LDY,LDY,LDY
B5,LDA,LDA,LDA,LDA,LDA,LDA,LDA,LDA,LDA,LDA,LDA,LDA,LDA,LDA,LDA,LDA,LDA,LDA,LDA,LDA,LDA,LDA,LDA,LDA,LDA,LDA,LDA,LDA,LDA,LDA,LDA,LDA,LDA,LDA,LDA,LDA,LDA,LDA,LDA,LDA,LDA,LDA,LDA,LDA,LDA,LDA,LDA,LDA,LDA,LDA,LDA,LDA,LDA,LDA,LDA,LDA,LDA,LDA,LDA
B6,LDX,LDX,LDX,LDX,LDX,LDX,LDX,LDX,LDX,LDX,LDX,LDX,LDX,LDX,LDX,LDX,LDX,LDX,LDX,LDX,LDX,LDX,LDX,LDX,LDX,LDX,LDX,LDX,LDX,LDX,LDX,LDX,LDX,LDX,LDX,LDX,LDX,LDX,LDX,LDX,LDX,LDX,LDX,LDX,LDX,LDX,LDX,LDX,LDX,LDX,LDX,LDX,LDX,LDX,LDX,LDX,LDX,LDX,LDX
B7,INV,INV,INV,INV,INV,INV,INV,INV,INV,INV,INV,INV,INV,INV,INV,INV,INV,INV,INV,INV,INV,INV,INV,INV,INV,INV,INV,INV,INV,INV,INV,INV,INV,INV,INV,INV,INV,INV,INV,INV,INV,INV,INV,INV,INV,INV,INV,INV,INV,INV,INV,INV,INV,INV,INV,INV,INV,INV,INV
B8,CLV,CLV,CLV,CLV,CLV,CLV,CLV,CLV,CLV,CLV,CLV,CLV,CLV,CLV,CLV,CLV,CLV,CLV,CLV,CLV,CLV,CLV,CLV,CLV,CLV,CLV,CLV,CLV,CLV,CLV,CLV,CLV,CLV,CLV,CLV,CLV,CLV,CLV,CLV,CLV,CLV,CLV,CLV,CLV,CLV,CLV,CLV,CLV,CLV,CLV,CLV,CLV,CLV,CLV,CLV,CLV,CLV,CLV,CLV
B9,LDA,LDA,LDA,LDA,LDA,LDA,LDA,LDA,LDA,LDA,LDA,LDA,LDA,LDA,LDA,LDA,LDA,LDA,LDA,LDA,LDA,LDA,LDA,LDA,LDA,LDA,LDA,LDA,LDA,LDA,LDA,LDA,LDA,LDA,LDA,LDA,LDA,LDA,LDA,LDA,LDA,LDA,LDA,LDA,LDA,LDA,LDA,LDA,LDA,LDA,LDA,LDA,LDA,LDA,LDA,LDA,LDA,LDA,LDA
BA,TSX,TSX,TSX,TSX,TSX,TSX,TSX,TSX,TSX,TSX,TSX,TSX,TSX,TSX,TSX,TSX,TSX,TSX,TSX,TSX,TSX,TSX,TSX,TSX,TSX,TSX,TSX,TSX,TSX,TSX,TSX,TSX,TSX,TSX,TSX,TSX,TSX,TSX,TSX,TSX,TSX,TSX,TSX,TSX,TSX,TSX,TSX,TSX,TSX,TSX,TSX,TSX,TSX,TSX,TSX,TSX,TSX,TSX,TSX
BB,INV,INV,INV,INV,INV,INV,INV,INV,INV,INV,INV,INV,INV,INV,INV,INV,INV,INV,INV,INV,INV,INV,INV,INV,INV,INV,INV,INV,INV,INV,INV,INV,INV,INV,INV,INV,INV,INV,INV,INV,INV,INV,INV,INV,INV,INV,INV,INV,INV,INV,INV,INV,INV,INV,INV,INV,INV,INV,INV
BC,LDY,LDY,LDY,LDY,LDY,LDY,LDY,LDY,LDY,LDY,LDY,LDY,LDY,LDY,LDY,LDY,LDY,LDY,LDY,LDY,LDY,LDY,LDY,LDY,LDY,LDY,LDY,LDY,LDY,LDY,LDY,LDY,LDY,LDY,LDY,LDY,LDY,LDY,LDY,LDY,LDY,LDY,LDY,LDY,LDY,LDY,LDY,LDY,LDY,LDY,LDY,LDY,LDY,LDY,LDY,LDY,LDY,LDY,LDY
BD,LDA,LDA,LDA,LDA,LDA,LDA,LDA,LDA,LDA,LDA,LDA,LDA,LDA,LDA,LDA,LDA,LDA,LDA,LDA,LDA,LDA,LDA,LDA,LDA,LDA,LDA,LDA,LDA,LDA,LDA,LDA,LDA,LDA,LDA,LDA,LDA,LDA,LDA,LDA,LDA,LDA,LDA,LDA,LDA,LDA,LDA,LDA,LDA,LDA,LDA,LDA,LDA,LDA,LDA,LDA,LDA,LDA,LDA,LDA
BE,LDX,LDX,LDX,LDX,LDX,LDX,LDX,LDX,LDX,LDX,LDX,LDX,LDX,LDX,LDX,LDX,LDX,LDX,LDX,LDX,LDX,LDX,LDX,LDX,LDX,LDX,LDX,LDX,LDX,LDX,LDX,LDX,LDX,LDX,LDX,LDX,LDX,LDX,LDX,LDX,LDX,LDX,LDX,LDX,LDX,LDX,LDX,LDX,LDX,LDX,LDX,LDX,LDX,LDX,LDX,LDX,LDX,LDX,LDX
BF,INV,INV,INV,INV,INV,INV,INV,INV,INV,INV,INV,INV,INV,INV,INV,INV,INV,INV,INV,INV,INV,INV,INV,INV,INV,INV,INV,INV,INV,INV,INV,INV,INV,INV,INV,INV,INV,INV,INV,INV,INV,INV,INV,INV,INV,INV,INV,INV,INV,INV,INV,INV,INV,INV,INV,INV,INV,INV,INV
C0,CPY,CPY,CPY,CPY,CPY,CPY,CPY,CPY,CPY,CPY,CPY,CPY,CPY,CPY,CPY,CPY,CPY,CPY,CPY,CPY,CPY,CPY,CPY,CPY,CPY,CPY,CPY,CPY,CPY,CPY,CPY,CPY,CPY,CPY,CPY,CPY,CPY,CPY,CPY,CPY,CPY,CPY,CPY,CPY,CPY,CPY,CPY,CPY,CPY,CPY,CPY,CPY,CPY,CPY,CPY,CPY,CPY,CPY,CPY
C1,CMP,CMP,CMP,CMP,CMP,CMP,CMP,CMP,CMP,CMP,CMP,CMP,CMP,CMP,CMP,CMP,CMP,CMP,CMP,CMP,CMP,CMP,CMP,CMP,CMP,CMP,CMP,CMP,CMP,CMP,CMP,CMP,CMP,CMP,CMP,CMP,CMP,CMP,CMP,CMP,CMP,CMP,CMP,CMP,CMP,CMP,CMP,CMP,CMP,CMP,CMP,CMP,CMP,CMP,CMP,CMP,CMP,CMP,CMP
C2,INV,INV,INV,INV,INV,INV,INV,INV,INV,INV,INV,INV,INV,INV,INV,INV,INV,INV,INV,INV,INV,INV,INV,INV,INV,INV,INV,INV,INV,INV,INV,INV,INV,INV,INV,INV,INV,INV,INV,INV,INV,INV,INV,INV,INV,INV,INV,INV,INV,INV,INV,INV,INV,INV,INV,INV,INV,INV,INV
C3,INV,INV,INV,INV,INV,INV,INV,INV,INV,INV,INV,INV,INV,INV,INV,INV,INV,INV,INV,INV,INV,INV,INV,INV,INV,INV,INV,INV,INV,INV,INV,INV,INV,INV,INV,INV,INV,INV,INV,INV,INV,INV,INV,INV,INV,INV,INV,INV,INV,INV,INV,INV,INV,INV,INV,INV,INV,INV,INV
C4,CPY,CPY,CPY,CPY,CPY,CPY,CPY,CPY,CPY,CPY,CPY,CPY,CPY,CPY,CPY,CPY,CPY,CPY,CPY,CPY,CPY,CPY,CPY,CPY,CPY,CPY,CPY,CPY,CPY,CPY,CPY,CPY,CPY,CPY,CPY,CPY,CPY,CPY,CPY,CPY,CPY,CPY,CPY,CPY,CPY,CPY,CPY,CPY,CPY,CPY,CPY,CPY,CPY,CPY,CPY,CPY,CPY,CPY,CPY
C5,CMP,CMP,CMP,CMP,CMP,CMP,CMP,CMP,CMP,CMP,CMP,CMP,CMP,CMP,CMP,CMP,CMP,CMP,CMP,CMP,CMP,CMP,CMP,CMP,CMP,CMP,CMP,CMP,CMP,CMP,CMP,CMP,CMP,CMP,CMP,CMP,CMP,CMP,CMP,CMP,CMP,CMP,CMP,CMP,CMP,CMP,CMP,CMP,CMP,CMP,CMP,CMP,CMP,CMP,CMP,CMP,CMP,CMP,CMP
C6,DEC,DEC,DEC,DEC,DEC,DEC,DEC,DEC,DEC,DEC,DEC,DEC,DEC,DEC,DEC,DEC,DEC,DEC,DEC,DEC,DEC,DEC,DEC,DEC,DEC,DEC,DEC,DEC,DEC,DEC,DEC,DEC,DEC,DEC,DEC,DEC,DEC,DEC,DEC,DEC,DEC,DEC,DEC,DEC,DEC,DEC,DEC,DEC,DEC,DEC,DEC,DEC,DEC,DEC,DEC,DEC,DEC,DEC,DEC
C7,INV,INV,INV,INV,INV,INV,INV,INV,INV,INV,INV,INV,INV,INV,INV,INV,INV,INV,INV,INV,INV,INV,INV,INV,INV,INV,INV,INV,INV,INV,INV,INV,INV,INV,INV,INV,INV,INV,INV,INV,INV,INV,INV,INV,INV,INV,INV,INV,INV,INV,INV,INV,INV,INV,INV,INV,INV,INV,INV
C8,INY,INY,INY,INY,INY,INY,INY,INY,INY,INY,INY,INY,INY,INY,INY,INY,INY,INY,INY,INY,INY,INY,INY,INY,INY,INY,INY,INY,INY,INY,INY,INY,INY,INY,INY,INY,INY,INY,INY,INY,INY,INY,INY,INY,INY,INY,INY,INY,INY,INY,INY,INY,INY,INY,INY,INY,INY,INY,INY
C9,CMP,CMP,CMP,CMP,CMP,CMP,CMP,CMP,CMP,CMP,CMP,CMP,CMP,CMP,CMP,CMP,CMP,CMP,CMP,CMP,CMP,CMP,CMP,CMP,CMP,CMP,CMP,CMP,CMP,CMP,CMP,CMP,CMP,CMP,CMP,CMP,CMP,CMP,CMP,CMP,CMP,CMP,CMP,CMP,CMP,CMP,CMP,CMP,CMP,CMP,CMP,CMP,CMP,CMP,CMP,CMP,CMP,CMP,CMP
CA,DEX,DEX,DEX,DEX,DEX,DEX,DEX,DEX,DEX,DEX,DEX,DEX,DEX,DEX,DEX,DEX,DEX,DEX,DEX,DEX,DEX,DEX,DEX,DEX,DEX,DEX,DEX,DEX,DEX,DEX,DEX,DEX,DEX,DEX,DEX,DEX,DEX,DEX,DEX,DEX,DEX,DEX,DEX,DEX,DEX,DEX,DEX,DEX,DEX,DEX,DEX,DEX,DEX,DEX,DEX,DEX,DEX,DEX,DEX
CB,INV,INV,INV,INV,INV,INV,INV,INV,INV,INV,INV,INV,INV,INV,INV,INV,INV,INV,INV,INV,INV,INV,INV,INV,INV,INV,INV,INV,INV,INV,INV,INV,INV,INV,INV,INV,INV,INV,INV,INV,INV,INV,INV,INV,INV,INV,INV,INV,INV,INV,INV,INV,INV,INV,INV,INV,INV,INV,INV
CC,CPY,CPY,CPY,CPY,CPY,CPY,CPY,CPY,CPY,CPY,CPY,CPY,CPY,CPY,CPY,CPY,CPY,CPY,CPY,CPY,CPY,CPY,CPY,CPY,CPY,CPY,CPY,CPY,CPY,CPY,CPY,CPY,CPY,CPY,CPY,CPY,CPY,CPY,CPY,CPY,CPY,CPY,CPY,CPY,CPY,CPY,CPY,CPY,CPY,CPY,CPY,CPY,CPY,CPY,CPY,CPY,CPY,CPY,CPY
CD,CMP,CMP,CMP,CMP,CMP,CMP,CMP,CMP,CMP,CMP,CMP,CMP,CMP,CMP,CMP,CMP,CMP,CMP,CMP,CMP,CMP,CMP,CMP,CMP,CMP,CMP,CMP,CMP,CMP,CMP,CMP,CMP,CMP,CMP,CMP,CMP,CMP,CMP,CMP,CMP,CMP,CMP,CMP,CMP,CMP,CMP,CMP,CMP,CMP,CMP,CMP,CMP,CMP,CMP,CMP,CMP,CMP,CMP,CMP
CE,DEC,DEC,DEC,DEC,DEC,DEC,DEC,DEC,DEC,DEC,DEC,DEC,DEC,DEC,DEC,DEC,DEC,DEC,DEC,DEC,DEC,DEC,DEC,DEC,DEC,DEC,DEC,DEC,DEC,DEC,DEC,DEC,DEC,DEC,DEC,DEC,DEC,DEC,DEC,DEC,DEC,DEC,DEC,DEC,DEC,DEC,DEC,DEC,DEC,DEC,DEC,DEC,DEC,DEC,DEC,DEC,DEC,DEC,DEC
CF,INV,INV,INV,INV,INV,INV,INV,INV,INV,INV,INV,INV,INV,INV,INV,INV,INV,INV,INV,INV,INV,INV,INV,INV,INV,INV,INV,INV,INV,INV,INV,INV,INV,INV,INV,INV,INV,INV,INV,INV,INV,INV,INV,INV,INV,INV,INV,INV,INV,INV,INV,INV,INV,INV,INV,INV,INV,INV,INV
D0,BNE,BNE,BNE,BNE,BNE,BNE,BNE,BNE,BNE,BNE,BNE,BNE,BNE,BNE,BNE,BNE,BNE,BNE,BNE,BNE,BNE,BNE,BNE,BNE,BNE,BNE,BNE,BNE,BNE,BNE,BNE,BNE,BNE,BNE,BNE,BNE,BNE,BNE,BNE,BNE,BNE,BNE,BNE,BNE,BNE,BNE,BNE,BNE,BNE,BNE,BNE,BNE,BNE,BNE,BNE,BNE,BNE,BNE,BNE
D1,CMP,CMP,CMP,CMP,CMP,CMP,CMP,CMP,CMP,CMP,CMP,CMP,CMP,CMP,CMP,CMP,CMP,CMP,CMP,CMP,CMP,CMP,CMP,CMP,CMP,CMP,CMP,CMP,CMP,CMP,CMP,CMP,CMP,CMP,CMP,CMP,CMP,CMP,CMP,CMP,CMP,CMP,CMP,CMP,CMP,CMP,CMP,CMP,CMP,CMP,CMP,CMP,CMP,CMP,CMP,CMP,CMP,CMP,CMP
D2,INV,INV,INV,INV,INV,INV,INV,INV,INV,INV,INV,INV,INV,INV,INV,INV,INV,INV,INV,INV,INV,INV,INV,INV,INV,INV,INV,INV,INV,INV,INV,INV,INV,INV,INV,INV,INV,INV,INV,INV,INV,INV,INV,INV,INV,INV,INV,INV,INV,INV,INV,INV,INV,INV,INV,INV,INV,INV,INV
D3,INV,INV,INV,INV,INV,INV,INV,INV,INV,INV,INV,INV,INV,INV,INV,INV,INV,INV,INV,INV,INV,INV,INV,INV,INV,INV,INV,INV,INV,INV,INV,INV,INV,INV,INV,INV,INV,INV,INV,INV,INV,INV,INV,INV,INV,INV,INV,INV,INV,INV,INV,INV,INV,INV,INV,INV,INV,INV,INV
D4,INV,INV,INV,INV,INV,INV,INV,INV,INV,INV,INV,INV,INV,INV,INV,INV,INV,INV,INV,INV,INV,INV,INV,INV,INV,INV,INV,INV,INV,INV,INV,INV,INV,INV,INV,INV,INV,INV,INV,INV,INV,INV,INV,INV,INV,INV,INV,INV,INV,INV,INV,INV,INV,INV,INV,INV,INV,INV,INV
D5,CMP,CMP,CMP,CMP,CMP,CMP,CMP,CMP,CMP,CMP,CMP,CMP,CMP,CMP,CMP,CMP,CMP,CMP,CMP,CMP,CMP,CMP,CMP,CMP,CMP,CMP,CMP,CMP,CMP,CMP,CMP,CMP,CMP,CMP,CMP,CMP,CMP,CMP,CMP,CMP,CMP,CMP,CMP,CMP,CMP,CMP,CMP,CMP,CMP,CMP,CMP,CMP,CMP,CMP,CMP,CMP,CMP,CMP,CMP
D6,DEC,DEC,DEC,DEC,DEC,DEC,DEC,DEC,DEC,DEC,DEC,DEC,DEC,DEC,DEC,DEC,DEC,DEC,DEC,DEC,DEC,DEC,DEC,DEC,DEC,DEC,DEC,DEC,DEC,DEC,DEC,DEC,DEC,DEC,DEC,DEC,DEC,DEC,DEC,DEC,DEC,DEC,DEC,DEC,DEC,DEC,DEC,DEC,DEC,DEC,DEC,DEC,DEC,DEC,DEC,DEC,DEC,DEC,DEC
D7,INV,INV,INV,INV,INV,INV,INV,INV,INV,INV,INV,INV,INV,INV,INV,INV,INV,INV,INV,INV,INV,INV,INV,INV,INV,INV,INV,INV,INV,INV,INV,INV,INV,INV,INV,INV,INV,INV,INV,INV,INV,INV,INV,INV,INV,INV,INV,INV,INV,INV,INV,INV,INV,INV,INV,INV,INV,INV,INV
D8,CLD,CLD,CLD,CLD,CLD,CLD,CLD,CLD,CLD,CLD,CLD,CLD,CLD,CLD,CLD,CLD,CLD,CLD,CLD,CLD,CLD,CLD,CLD,CLD,CLD,CLD,CLD,CLD,CLD,CLD,CLD,CLD,CLD,CLD,CLD,CLD,CLD,CLD,CLD,CLD,CLD,CLD,CLD,CLD,CLD,CLD,CLD,CLD,CLD,CLD,CLD,CLD,CLD,CLD,CLD,CLD,CLD,CLD,CLD
D9,CMP,CMP,CMP,CMP,CMP,CMP,CMP,CMP,CMP,CMP,CMP,CMP,CMP,CMP,CMP,CMP,CMP,CMP,CMP,CMP,CMP,CMP,CMP,CMP,CMP,CMP,CMP,CMP,CMP,CMP,CMP,CMP,CMP,CMP,CMP,CMP,CMP,CMP,CMP,CMP,CMP,CMP,CMP,CMP,CMP,CMP,CMP,CMP,CMP,CMP,CMP,CMP,CMP,CMP,CMP,CMP,CMP,CMP,CMP
DA,INV,INV,INV,INV,INV,INV,INV,INV,INV,INV,INV,INV,INV,INV,INV,INV,INV,INV,INV,INV,INV,INV,INV,INV,INV,INV,INV,INV,INV,INV,INV,INV,INV,INV,INV,INV,INV,INV,INV,INV,INV,INV,INV,INV,INV,INV,INV,INV,INV,INV,INV,INV,INV,INV,INV,INV,INV,INV,INV
DB,INV,INV,INV,INV,INV,INV,INV,INV,INV,INV,INV,INV,INV,INV,INV,INV,INV,INV,INV,INV,INV,INV,INV,INV,INV,INV,INV,INV,INV,INV,INV,INV,INV,INV,INV,INV,INV,INV,INV,INV,INV,INV,INV,INV,INV,INV,INV,INV,INV,INV,INV,INV,INV,INV,INV,INV,INV,INV,INV
DC,INV,INV,INV,INV,INV,INV,INV,INV,INV,INV,INV,INV,INV,INV,INV,INV,INV,INV,INV,INV,INV,INV,INV,INV,INV,INV,INV,INV,INV,INV,INV,INV,INV,INV,INV,INV,INV,INV,INV,INV,INV,INV,INV,INV,INV,INV,INV,INV,INV,INV,INV,INV,INV,INV,INV,INV,INV,INV,INV
DD,CMP,CMP,CMP,CMP,CMP,CMP,CMP,CMP,CMP,CMP,CMP,CMP,CMP,CMP,CMP,CMP,CMP,CMP,CMP,CMP,CMP,CMP,CMP,CMP,CMP,CMP,CMP,CMP,CMP,CMP,CMP,CMP,CMP,CMP,CMP,CMP,CMP,CMP,CMP,CMP,CMP,CMP,CMP,CMP,CMP,CMP,CMP,CMP,CMP,CMP,CMP,CMP,CMP,CMP,CMP,CMP,CMP,CMP,CMP
DE,DEC,DEC,DEC,DEC,DEC,DEC,DEC,DEC,DEC,DEC,DEC,DEC,DEC,DEC,DEC,DEC,DEC,DEC,DEC,DEC,DEC,DEC,DEC,DEC,DEC,DEC,DEC,DEC,DEC,DEC,DEC,DEC,DEC,DEC,DEC,DEC,DEC,DEC,DEC,DEC,DEC,DEC,DEC,DEC,DEC,DEC,DEC,DEC,DEC,DEC,DEC,DEC,DEC,DEC,DEC,DEC,DEC,DEC,DEC
DF,INV,INV,INV,INV,INV,INV,INV,INV,INV,INV,INV,INV,INV,INV,INV,INV,INV,INV,INV,INV,INV,INV,INV,INV,INV,INV,INV,INV,INV,INV,INV,INV,INV,INV,INV,INV,INV,INV,INV,INV,INV,INV,INV,INV,INV,INV,INV,INV,INV,INV,INV,INV,INV,INV,INV,INV,INV,INV,INV
E0,CPX,CPX,CPX,CPX,CPX,CPX,CPX,CPX,CPX,CPX,CPX,CPX,CPX,CPX,CPX,CPX,CPX,CPX,CPX,CPX,CPX,CPX,CPX,CPX,CPX,CPX,CPX,CPX,CPX,CPX,CPX,CPX,CPX,CPX,CPX,CPX,CPX,CPX,CPX,CPX,CPX,CPX,CPX,CPX,CPX,CPX,CPX,CPX,CPX,CPX,CPX,CPX,CPX,CPX,CPX,CPX,CPX,CPX,CPX
E1,SBC,SBC,SBC,SBC,SBC,SBC,SBC,SBC,SBC,SBC,SBC,SBC,SBC,SBC,SBC,SBC,SBC,SBC,SBC,SBC,SBC,SBC,SBC,SBC,SBC,SBC,SBC,SBC,SBC,SBC,SBC,SBC,SBC,SBC,SBC,SBC,SBC,SBC,SBC,SBC,SBC,SBC,SBC,SBC,SBC,SBC,SBC,SBC,SBC,SBC,SBC,SBC,SBC,SBC,SBC,SBC,SBC,SBC,SBC
E2,INV,INV,INV,INV,INV,INV,INV,INV,INV,INV,INV,INV,INV,INV,INV,INV,INV,INV,INV,INV,INV,INV,INV,INV,INV,INV,INV,INV,INV,INV,INV,INV,INV,INV,INV,INV,INV,INV,INV,INV,INV,INV,INV,INV,INV,INV,INV,INV,INV,INV,INV,INV,INV,INV,INV,INV,INV,INV,INV
E3,INV,INV,INV,INV,INV,INV,INV,INV,INV,INV,INV,INV,INV,INV,INV,INV,INV,INV,INV,INV,INV,INV,INV,INV,INV,INV,INV,INV,INV,INV,INV,INV,INV,INV,INV,INV,INV,INV,INV,INV,INV,INV,INV,INV,INV,INV,INV,INV,INV,INV,INV,INV,INV,INV,INV,INV,INV,INV,INV
E4,CPX,CPX,CPX,CPX,CPX,CPX,CPX,CPX,CPX,CPX,CPX,CPX,CPX,CPX,CPX,CPX,CPX,CPX,CPX,CPX,CPX,CPX,CPX,CPX,CPX,CPX,CPX,CPX,CPX,CPX,CPX,CPX,CPX,CPX,CPX,CPX,CPX,CPX,CPX,CPX,CPX,CPX,CPX,CPX,CPX,CPX,CPX,CPX,CPX,CPX,CPX,CPX,CPX,CPX,CPX,CPX,CPX,CPX,CPX
E5,SBC,SBC,SBC,SBC,SBC,SBC,SBC,SBC,SBC,SBC,SBC,SBC,SBC,SBC,SBC,SBC,SBC,SBC,SBC,SBC,SBC,SBC,SBC,SBC,SBC,SBC,SBC,SBC,SBC,SBC,SBC,SBC,SBC,SBC,SBC,SBC,SBC,SBC,SBC,SBC,SBC,SBC,SBC,SBC,SBC,SBC,SBC,SBC,SBC,SBC,SBC,SBC,SBC,SBC,SBC,SBC,SBC,SBC,SBC
E6,INC,INC,INC,INC,INC,INC,INC,INC,INC,INC,INC,INC,INC,INC,INC,INC,INC,INC,INC,INC,INC,INC,INC,INC,INC,INC,INC,INC,INC,INC,INC,INC,INC,INC,INC,INC,INC,INC,INC,INC,INC,INC,INC,INC,INC,INC,INC,INC,INC,INC,INC,INC,INC,INC,INC,INC,INC,INC,INC
E7,INV,INV,INV,INV,INV,INV,INV,INV,INV,INV,INV,INV,INV,INV,INV,INV,INV,INV,INV,INV,INV,INV,INV,INV,INV,INV,INV,INV,INV,INV,INV,INV,INV,INV,INV,INV,INV,INV,INV,INV,INV,INV,INV,INV,INV,INV,INV,INV,INV,INV,INV,INV,INV,INV,INV,INV,INV,INV,INV
E8,INX,INX,INX,INX,INX,INX,INX,INX,INX,INX,INX,INX,INX,INX,INX,INX,INX,INX,INX,INX,INX,INX,INX,INX,INX,INX,INX,INX,INX,INX,INX,INX,INX,INX,INX,INX,INX,INX,INX,INX,INX,INX,INX,INX,INX,INX,INX,INX,INX,INX,INX,INX,INX,INX,INX,INX,INX,INX,INX
E9,SBC,SBC,SBC,SBC,SBC,SBC,SBC,SBC,SBC,SBC,SBC,SBC,SBC,SBC,SBC,SBC,SBC,SBC,SBC,SBC,SBC,SBC,SBC,SBC,SBC,SBC,SBC,SBC,SBC,SBC,SBC,SBC,SBC,SBC,SBC,SBC,SBC,SBC,SBC,SBC,SBC,SBC,SBC,SBC,SBC,SBC,SBC,SBC,SBC,SBC,SBC,SBC,SBC,SBC,SBC,SBC,SBC,SBC,SBC
EA,NOP,NOP,NOP,NOP,NOP,NOP,NOP,NOP,NOP,NOP,NOP,NOP,NOP,NOP,NOP,NOP,NOP,NOP,NOP,NOP,NOP,NOP,NOP,NOP,NOP,NOP,NOP,NOP,NOP,NOP,NOP,NOP,NOP,NOP,NOP,NOP,NOP,NOP,NOP,NOP,NOP,NOP,NOP,NOP,NOP,NOP,NOP,NOP,NOP,NOP,NOP,NOP,NOP,NOP,NOP,NOP,NOP,NOP,NOP
EB,INV,INV,INV,INV,INV,INV,INV,INV,INV,INV,INV,INV,INV,INV,INV,INV,INV,INV,INV,INV,INV,INV,INV,INV,INV,INV,INV,INV,INV,INV,INV,INV,INV,INV,INV,INV,INV,INV,INV,INV,INV,INV,INV,INV,INV,INV,INV,INV,INV,INV,INV,INV,INV,INV,INV,INV,INV,INV,INV
EC,CPX,CPX,CPX,CPX,CPX,CPX,CPX,CPX,CPX,CPX,CPX,CPX,CPX,CPX,CPX,CPX,CPX,CPX,CPX,CPX,CPX,CPX,CPX,CPX,CPX,CPX,CPX,CPX,CPX,CPX,CPX,CPX,CPX,CPX,CPX,CPX,CPX,CPX,CPX,CPX,CPX,CPX,CPX,CPX,CPX,CPX,CPX,CPX,CPX,CPX,CPX,CPX,CPX,CPX,CPX,CPX,CPX,CPX,CPX
ED,SBC,SBC,SBC,SBC,SBC,SBC,SBC,SBC,SBC,SBC,SBC,SBC,SBC,SBC,SBC,SBC,SBC,SBC,SBC,SBC,SBC,SBC,SBC,SBC,SBC,SBC,SBC,SBC,SBC,SBC,SBC,SBC,SBC,SBC,SBC,SBC,SBC,SBC,SBC,SBC,SBC,SBC,SBC,SBC,SBC,SBC,SBC,SBC,SBC,SBC,SBC,SBC,SBC,SBC,SBC,SBC,SBC,SBC,SBC
EE,INC,INC,INC,INC,INC,INC,INC,INC,INC,INC,INC,INC,INC,INC,INC,INC,INC,INC,INC,INC,INC,INC,INC,INC,INC,INC,INC,INC,INC,INC,INC,INC,INC,INC,INC,INC,INC,INC,INC,INC,INC,INC,INC,INC,INC,INC,INC,INC,INC,INC,INC,INC,INC,INC,INC,INC,INC,INC,INC
EF,INV,INV,INV,INV,INV,INV,INV,INV,INV,INV,INV,INV,INV,INV,INV,INV,INV,INV,INV,INV,INV,INV,INV,INV,INV,INV,INV,INV,INV,INV,INV,INV,INV,INV,INV,INV,INV,INV,INV,INV,INV,INV,INV,INV,INV,INV,INV,INV,INV,INV,INV,INV,INV,INV,INV,INV,INV,INV,INV
F0,BEQ,BEQ,BEQ,BEQ,BEQ,BEQ,BEQ,BEQ,BEQ,BEQ,BEQ,BEQ,BEQ,BEQ,BEQ,BEQ,BEQ,BEQ,BEQ,BEQ,BEQ,BEQ,BEQ,BEQ,BEQ,BEQ,BEQ,BEQ,BEQ,BEQ,BEQ,BEQ,BEQ,BEQ,BEQ,BEQ,BEQ,BEQ,BEQ,BEQ,BEQ,BEQ,BEQ,BEQ,BEQ,BEQ,BEQ,BEQ,BEQ,BEQ,BEQ,BEQ,BEQ,BEQ,BEQ,BEQ,BEQ,BEQ,BEQ
F1,SBC,SBC,SBC,SBC,SBC,SBC,SBC,SBC,SBC,SBC,SBC,SBC,SBC,SBC,SBC,SBC,SBC,SBC,SBC,SBC,SBC,SBC,SBC,SBC,SBC,SBC,SBC,SBC,SBC,SBC,SBC,SBC,SBC,SBC,SBC,SBC,SBC,SBC,SBC,SBC,SBC,SBC,SBC,SBC,SBC,SBC,SBC,SBC,SBC,SBC,SBC,SBC,SBC,SBC,SBC,SBC,SBC,SBC,SBC
F2,INV,INV,INV,INV,INV,INV,INV,INV,INV,INV,INV,INV,INV,INV,INV,INV,INV,INV,INV,INV,INV,INV,INV,INV,INV,INV,INV,INV,INV,INV,INV,INV,INV,INV,INV,INV,INV,INV,INV,INV,INV,INV,INV,INV,INV,INV,INV,INV,INV,INV,INV,INV,INV,INV,INV,INV,INV,INV,INV
F3,INV,INV,INV,INV,INV,INV,INV,INV,INV,INV,INV,INV,INV,INV,INV,INV,INV,INV,INV,INV,INV,INV,INV,INV,INV,INV,INV,INV,INV,INV,INV,INV,INV,INV,INV,INV,INV,INV,INV,INV,INV,INV,INV,INV,INV,INV,INV,INV,INV,INV,INV,INV,INV,INV,INV,INV,INV,INV,INV
F4,INV,INV,INV,INV,INV,INV,INV,INV,INV,INV,INV,INV,INV,INV,INV,INV,INV,INV,INV,INV,INV,INV,INV,INV,INV,INV,INV,INV,INV,INV,INV,INV,INV,INV,INV,INV,INV,INV,INV,INV,INV,INV,INV,INV,INV,INV,INV,INV,INV,INV,INV,INV,INV,INV,INV,INV,INV,INV,INV
F5,SBC,SBC,SBC,SBC,SBC,SBC,SBC,SBC,SBC,SBC,SBC,SBC,SBC,SBC,SBC,SBC,SBC,SBC,SBC,SBC,SBC,SBC,SBC,SBC,SBC,SBC,SBC,SBC,SBC,SBC,SBC,SBC,SBC,SBC,SBC,SBC,SBC,SBC,SBC,SBC,SBC,SBC,SBC,SBC,SBC,SBC,SBC,SBC,SBC,SBC,SBC,SBC,SBC,SBC,SBC,SBC,SBC,SBC,SBC
F6,INC,INC,INC,INC,INC,INC,INC,INC,INC,INC,INC,INC,INC,INC,INC,INC,INC,INC,INC,INC,INC,INC,INC,INC,INC,INC,INC,INC,INC,INC,INC,INC,INC,INC,INC,INC,INC,INC,INC,INC,INC,INC,INC,INC,INC,INC,INC,INC,INC,INC,INC,INC,INC,INC,INC,INC,INC,INC,INC
F7,INV,INV,INV,INV,INV,INV,INV,INV,INV,INV,INV,INV,INV,INV,INV,INV,INV,INV,INV,INV,INV,INV,INV,INV,INV,INV,INV,INV,INV,INV,INV,INV,INV,INV,INV,INV,INV,INV,INV,INV,INV,INV,INV,INV,INV,INV,INV,INV,INV,INV,INV,INV,INV,INV,INV,INV,INV,INV,INV
F8,SED,SED,SED,SED,SED,SED,SED,SED,SED,SED,SED,SED,SED,SED,SED,SED,SED,SED,SED,SED,SED,SED,SED,SED,SED,SED,SED,SED,SED,SED,SED,SED,SED,SED,SED,SED,SED,SED,SED,SED,SED,SED,SED,SED,SED,SED,SED,SED,SED,SED,SED,SED,SED,SED,SED,SED,SED,SED,SED
F9,SBC,SBC,SBC,SBC,SBC,SBC,SBC,SBC,SBC,SBC,SBC,SBC,SBC,SBC,SBC,SBC,SBC,SBC,SBC,SBC,SBC,SBC,SBC,SBC,SBC,SBC,SBC,SBC,SBC,SBC,SBC,SBC,SBC,SBC,SBC,SBC,SBC,SBC,SBC,SBC,SBC,SBC,SBC,SBC,SBC,SBC,SBC,SBC,SBC,SBC,SBC,SBC,SBC,SBC,SBC,SBC,SBC,SBC,SBC
FA,INV,INV,INV,INV,INV,INV,INV,INV,INV,INV,INV,INV,INV,INV,INV,INV,INV,INV,INV,INV,INV,INV,INV,INV,INV,INV,INV,INV,INV,INV,INV,INV,INV,INV,INV,INV,INV,INV,INV,INV,INV,INV,INV,INV,INV,INV,INV,INV,INV,INV,INV,INV,INV,INV,INV,INV,INV,INV,INV
FB,INV,INV,INV,INV,INV,INV,INV,INV,INV,INV,INV,INV,INV,INV,INV,INV,INV,INV,INV,INV,INV,INV,INV,INV,INV,INV,INV,INV,INV,INV,INV,INV,INV,INV,INV,INV,INV,INV,INV,INV,INV,INV,INV,INV,INV,INV,INV,INV,INV,INV,INV,INV,INV,INV,INV,INV,INV,INV,INV
FC,INV,INV,INV,INV,INV,INV,INV,INV,INV,INV,INV,INV,INV,INV,INV,INV,INV,INV,INV,INV,INV,INV,INV,INV,INV,INV,INV,INV,INV,INV,INV,INV,INV,INV,INV,INV,INV,INV,INV,INV,INV,INV,INV,INV,INV,INV,INV,INV,INV,INV,INV,INV,INV,INV,INV,INV,INV,INV,INV
FD,SBC,SBC,SBC,SBC,SBC,SBC,SBC,SBC,SBC,SBC,SBC,SBC,SBC,SBC,SBC,SBC,SBC,SBC,SBC,SBC,SBC,SBC,SBC,SBC,SBC,SBC,SBC,SBC,SBC,SBC,SBC,SBC,SBC,SBC,SBC,SBC,SBC,SBC,SBC,SBC,SBC,SBC,SBC,SBC,SBC,SBC,SBC,SBC,SBC,SBC,SBC,SBC,SBC,SBC,SBC,SBC,SBC,SBC,SBC
FE,INC,INC,INC,INC,INC,INC,INC,INC,INC,INC,INC,INC,INC,INC,INC,INC,INC,INC,INC,INC,INC,INC,INC,INC,INC,INC,INC,INC,INC,INC,INC,INC,INC,INC,INC,INC,INC,INC,INC,INC,INC,INC,INC,INC,INC,INC,INC,INC,INC,INC,INC,INC,INC,INC,INC,INC,INC,INC,INC
FF,INV,INV,INV,INV,INV,INV,INV,INV,INV,INV,INV,INV,INV,INV,INV,INV,INV,INV,INV,INV,INV,INV,INV,INV,INV,INV,INV,INV,INV,INV,INV,INV,INV,INV,INV,INV,INV,INV,INV,INV,INV,INV,INV,INV,INV,INV,INV,INV,INV,INV,INV,INV,INV,INV,INV,INV,INV,INV,INV
