status,family,opcode_hex,mnemonic,address_mode,documented_cycles_wdc,visual6502_timing_path,has_page_cross_variant,has_branch_variant,read_write_pattern,implementation_owner,source_confidence,notes
planned,control,00,BRK,IMP,0/6,"if(irq_taken || nmi_pending) { ; read_pc(); ; read_pc(); ; PC++; ; write(SP, PC >> 8); ; dec_SP(); ; write(SP, PC); ; dec_SP(); ; write(SP, irq_taken || nmi_pending ? P & ~F_B : P); ; dec_SP(); ; if(irq_taken && nmi_pending) { ; standard_irq_callback(NMI_LINE, PC); ; PC = read_arg(0xfffa); ; PC = set_h(PC, read_arg(0xfffb)); ; nmi_pending = false; ; if(irq_taken) ; standard_irq_callback(IRQ_LINE, PC); ; PC = read_arg(0xfffe); ; PC = set_h(PC, read_arg(0xffff)); ; irq_taken = false; ; P = (P | F_I) & ~F_D; // Do *not* move after the prefetch ; prefetch(); ; inst_state = -1;",no,no,control-flow,backlog,high (mame opcode map),mame_handler=brk_c_imp; cmos-path handler; cycles_source=mame_seq_derived
implemented,logic,01,ORA,IND_X,6,"TMP2 = read_pc(); ; PC++; ; read(TMP2); ; TMP2 += X; ; TMP = read(TMP2 & 0xff); ; TMP = set_h(TMP, read((TMP2+1) & 0xff)); ; TMP2 = read(TMP); ; A |= TMP2; ; set_nz(A); ; prefetch();",no,no,read,Cpu65c02Opcode/Cpu65c02Microcode/CpuExecutionPlanner,high (mame opcode map),mame_handler=ora_idx; cycles_source=mame_seq_derived; micro-queued in scheduler
planned,nop,02,NOP,IMM,2,read_pc(); ; PC++; ; prefetch();,no,no,read,backlog,high (mame opcode map),mame_handler=nop_imm; cycles_source=mame_seq_derived
planned,nop,03,NOP,IMP,1,prefetch();,no,no,internal,backlog,high (mame opcode map),mame_handler=nop_c_imp; cmos-path handler; cycles_source=mame_seq_derived
planned,bit_test_set,04,TSB,ZPG,5,"TMP = read_pc(); ; PC++; ; TMP2 = read(TMP); ; read(TMP); ; if(A & TMP2) ; P &= ~F_Z; ; else ; P |= F_Z; ; TMP2 |= A; ; write(TMP, TMP2); ; prefetch();",no,no,read-modify-write,backlog,high (mame opcode map),mame_handler=tsb_zpg; cycles_source=mame_seq_derived
implemented,logic,05,ORA,ZPG,3,TMP = read_pc(); ; PC++; ; TMP2 = read(TMP); ; A |= TMP2; ; set_nz(A); ; prefetch();,no,no,read,Cpu65c02Opcode/Cpu65c02Microcode/CpuExecutionPlanner,high (mame opcode map),mame_handler=ora_zpg; cycles_source=mame_seq_derived; micro-queued in scheduler
implemented,shift_rotate,06,ASL,ZPG,5,"TMP = read_pc(); ; PC++; ; TMP2 = read(TMP); ; read(TMP); ; TMP2 = do_asl(TMP2); ; write(TMP, TMP2); ; prefetch();",no,no,read-modify-write,Cpu65c02Opcode/Cpu65c02Microcode/CpuExecutionPlanner,high (mame opcode map),mame_handler=asl_c_zpg; cmos-path handler; cycles_source=mame_seq_derived; micro-queued in scheduler
planned,nop,07,NOP,IMP,1,prefetch();,no,no,internal,backlog,high (mame opcode map),mame_handler=nop_c_imp; cmos-path handler; cycles_source=mame_seq_derived
planned,stack,08,PHP,IMP,3,"read_pc(); ; write(SP, P); ; dec_SP(); ; prefetch();",no,no,stack,backlog,high (mame opcode map),mame_handler=php_imp; cycles_source=mame_seq_derived
implemented,logic,09,ORA,IMM,2,TMP = read_pc(); ; PC++; ; A |= TMP; ; set_nz(A); ; prefetch();,no,no,read,Cpu65c02Opcode/Cpu65c02Microcode/CpuExecutionPlanner,high (mame opcode map),mame_handler=ora_imm; cycles_source=mame_seq_derived; micro-queued in scheduler
implemented,shift_rotate,0A,ASL,ACC,2,read_pc(); ; A = do_asl(A); ; prefetch();,no,no,read,Cpu65c02Opcode/Cpu65c02Microcode/CpuExecutionPlanner,high (mame opcode map),mame_handler=asl_acc; cycles_source=mame_seq_derived; micro-queued in scheduler
planned,nop,0B,NOP,IMP,1,prefetch();,no,no,internal,backlog,high (mame opcode map),mame_handler=nop_c_imp; cmos-path handler; cycles_source=mame_seq_derived
planned,bit_test_set,0C,TSB,ABS,6,"TMP = read_pc(); ; PC++; ; TMP = set_h(TMP, read_pc()); ; PC++; ; TMP2 = read(TMP); ; read(TMP); ; if(A & TMP2) ; P &= ~F_Z; ; else ; P |= F_Z; ; TMP2 |= A; ; write(TMP, TMP2); ; prefetch();",no,no,read-modify-write,backlog,high (mame opcode map),mame_handler=tsb_aba; cycles_source=mame_seq_derived
implemented,logic,0D,ORA,ABS,4,"TMP = read_pc(); ; PC++; ; TMP = set_h(TMP, read_pc()); ; PC++; ; TMP2 = read(TMP); ; A |= TMP2; ; set_nz(A); ; prefetch();",no,no,read,Cpu65c02Opcode/Cpu65c02Microcode/CpuExecutionPlanner,high (mame opcode map),mame_handler=ora_aba; cycles_source=mame_seq_derived; micro-queued in scheduler
implemented,shift_rotate,0E,ASL,ABS,6,"TMP = read_pc(); ; PC++; ; TMP = set_h(TMP, read_pc()); ; PC++; ; TMP2 = read(TMP); ; read(TMP); ; TMP2 = do_asl(TMP2); ; write(TMP, TMP2); ; prefetch();",no,no,read-modify-write,Cpu65c02Opcode/Cpu65c02Microcode/CpuExecutionPlanner,high (mame opcode map),mame_handler=asl_c_aba; cmos-path handler; cycles_source=mame_seq_derived; micro-queued in scheduler
planned,nop,0F,NOP,IMP,1,prefetch();,no,no,internal,backlog,high (mame opcode map),mame_handler=nop_c_imp; cmos-path handler; cycles_source=mame_seq_derived
planned,control,10,BPL,REL,1/3,"TMP = read_pc(); ; PC++; ; if(!(P & F_N)) { ; read_pc(); ; if(page_changing(PC, int8_t(TMP))) { ; read_arg(set_l(PC, PC+int8_t(TMP))); ; PC += int8_t(TMP); ; prefetch();",mode-dependent,yes,control-flow,backlog,high (mame opcode map),mame_handler=bpl_rel; cycles_source=mame_seq_derived
implemented,logic,11,ORA,IND_Y,3/6,"TMP2 = read_pc(); ; PC++; ; TMP = read(TMP2); ; TMP = set_h(TMP, read((TMP2+1) & 0xff)); ; if(page_changing(TMP, Y)) { ; read(set_l(TMP, TMP+Y)); ; TMP2 = read(TMP+Y); ; A |= TMP2; ; set_nz(A); ; prefetch();",mode-dependent,no,read,Cpu65c02Opcode/Cpu65c02Microcode/CpuExecutionPlanner,high (mame opcode map),mame_handler=ora_idy; cycles_source=mame_seq_derived; micro-queued in scheduler
implemented,logic,12,ORA,ZPG_IND,5,"TMP2 = read_pc(); ; PC++; ; TMP = read(TMP2 & 0xff); ; TMP = set_h(TMP, read((TMP2+1) & 0xff)); ; TMP2 = read(TMP); ; A |= TMP2; ; set_nz(A); ; prefetch();",no,no,read,Cpu65c02Opcode/Cpu65c02Microcode/CpuExecutionPlanner,high (mame opcode map),mame_handler=ora_zpi; cycles_source=mame_seq_derived; micro-queued in scheduler
planned,nop,13,NOP,IMP,1,prefetch();,no,no,internal,backlog,high (mame opcode map),mame_handler=nop_c_imp; cmos-path handler; cycles_source=mame_seq_derived
planned,bit_test_set,14,TRB,ZPG,5,"TMP = read_pc(); ; PC++; ; TMP2 = read(TMP); ; read(TMP); ; if(A & TMP2) ; P &= ~F_Z; ; else ; P |= F_Z; ; TMP2 &= ~A; ; write(TMP, TMP2); ; prefetch();",no,no,read-modify-write,backlog,high (mame opcode map),mame_handler=trb_zpg; cycles_source=mame_seq_derived
implemented,logic,15,ORA,ZPG_X,4,TMP = read_pc(); ; PC++; ; read(TMP); ; TMP2 = read(uint8_t(TMP+X)); ; A |= TMP2; ; set_nz(A); ; prefetch();,no,no,read,Cpu65c02Opcode/Cpu65c02Microcode/CpuExecutionPlanner,high (mame opcode map),mame_handler=ora_zpx; cycles_source=mame_seq_derived; micro-queued in scheduler
implemented,shift_rotate,16,ASL,ZPG_X,6,"TMP = read_pc(); ; PC++; ; read(TMP); ; TMP = uint8_t(TMP+X); ; TMP2 = read(TMP); ; read(TMP); ; TMP2 = do_asl(TMP2); ; write(TMP, TMP2); ; prefetch();",no,no,read-modify-write,Cpu65c02Opcode/Cpu65c02Microcode/CpuExecutionPlanner,high (mame opcode map),mame_handler=asl_c_zpx; cmos-path handler; cycles_source=mame_seq_derived; micro-queued in scheduler
planned,nop,17,NOP,IMP,1,prefetch();,no,no,internal,backlog,high (mame opcode map),mame_handler=nop_c_imp; cmos-path handler; cycles_source=mame_seq_derived
planned,flags,18,CLC,IMP,2,read_pc(); ; P &= ~F_C; ; prefetch();,no,no,internal,backlog,high (mame opcode map),mame_handler=clc_imp; cycles_source=mame_seq_derived
implemented,logic,19,ORA,ABS_Y,2/5,"TMP = read_pc(); ; PC++; ; TMP = set_h(TMP, read_pc()); ; PC++; ; if(page_changing(TMP, Y)) { ; read(set_l(TMP, TMP+Y)); ; TMP += Y; ; TMP2 = read(TMP); ; A |= TMP2; ; set_nz(A); ; prefetch();",mode-dependent,no,read,Cpu65c02Opcode/Cpu65c02Microcode/CpuExecutionPlanner,high (mame opcode map),mame_handler=ora_aby; cycles_source=mame_seq_derived; micro-queued in scheduler
planned,inc_dec,1A,INC,ACC,2,read_pc(); ; A++; ; set_nz(A); ; prefetch();,no,no,read,backlog,high (mame opcode map),mame_handler=inc_acc; cycles_source=mame_seq_derived
planned,nop,1B,NOP,IMP,1,prefetch();,no,no,internal,backlog,high (mame opcode map),mame_handler=nop_c_imp; cmos-path handler; cycles_source=mame_seq_derived
planned,bit_test_set,1C,TRB,ABS,6,"TMP = read_pc(); ; PC++; ; TMP = set_h(TMP, read_pc()); ; PC++; ; TMP2 = read(TMP); ; read(TMP); ; if(A & TMP2) ; P &= ~F_Z; ; else ; P |= F_Z; ; TMP2 &= ~A; ; write(TMP, TMP2); ; prefetch();",no,no,read-modify-write,backlog,high (mame opcode map),mame_handler=trb_aba; cycles_source=mame_seq_derived
implemented,logic,1D,ORA,ABS_X,2/5,"TMP = read_pc(); ; PC++; ; TMP = set_h(TMP, read_pc()); ; PC++; ; if(page_changing(TMP, X)) { ; read(set_l(TMP, TMP+X)); ; TMP += X; ; TMP2 = read(TMP); ; A |= TMP2; ; set_nz(A); ; prefetch();",mode-dependent,no,read,Cpu65c02Opcode/Cpu65c02Microcode/CpuExecutionPlanner,high (mame opcode map),mame_handler=ora_abx; cycles_source=mame_seq_derived; micro-queued in scheduler
implemented,shift_rotate,1E,ASL,ABS_X,7,"TMP = read_pc(); ; PC++; ; TMP = set_h(TMP, read_pc()); ; PC++; ; read(set_l(TMP, TMP+X)); ; TMP += X; ; TMP2 = read(TMP); ; read(TMP); ; TMP2 = do_asl(TMP2); ; write(TMP, TMP2); ; prefetch();",mode-dependent,no,read-modify-write,Cpu65c02Opcode/Cpu65c02Microcode/CpuExecutionPlanner,high (mame opcode map),mame_handler=asl_c_abx; cmos-path handler; cycles_source=mame_seq_derived; micro-queued in scheduler
planned,nop,1F,NOP,IMP,1,prefetch();,no,no,internal,backlog,high (mame opcode map),mame_handler=nop_c_imp; cmos-path handler; cycles_source=mame_seq_derived
implemented,control,20,JSR,ABS,6,"TMP = read_pc(); ; PC++; ; read(SP); ; write(SP, PC>>8); ; dec_SP(); ; write(SP, PC); ; dec_SP(); ; TMP = set_h(TMP, read_pc()); ; PC = TMP; ; prefetch();",no,no,control-flow,Cpu65c02Opcode/Cpu65c02Microcode/CpuExecutionPlanner,high (mame opcode map),mame_handler=jsr_adr; cycles_source=mame_seq_derived; micro-queued in scheduler
implemented,logic,21,AND,IND_X,6,"TMP2 = read_pc(); ; PC++; ; read(TMP2); ; TMP2 += X; ; TMP = read(TMP2 & 0xff); ; TMP = set_h(TMP, read((TMP2+1) & 0xff)); ; TMP2 = read(TMP); ; A &= TMP2; ; set_nz(A); ; prefetch();",no,no,read,Cpu65c02Opcode/Cpu65c02Microcode/CpuExecutionPlanner,high (mame opcode map),mame_handler=and_idx; cycles_source=mame_seq_derived; micro-queued in scheduler
planned,nop,22,NOP,IMM,2,read_pc(); ; PC++; ; prefetch();,no,no,read,backlog,high (mame opcode map),mame_handler=nop_imm; cycles_source=mame_seq_derived
planned,nop,23,NOP,IMP,1,prefetch();,no,no,internal,backlog,high (mame opcode map),mame_handler=nop_c_imp; cmos-path handler; cycles_source=mame_seq_derived
implemented,logic,24,BIT,ZPG,3,TMP = read_pc(); ; PC++; ; TMP2 = read(TMP); ; do_bit(TMP2); ; prefetch();,no,no,read,Cpu65c02Opcode/Cpu65c02Microcode/CpuExecutionPlanner,high (mame opcode map),mame_handler=bit_zpg; cycles_source=mame_seq_derived; micro-queued in scheduler
implemented,logic,25,AND,ZPG,3,TMP = read_pc(); ; PC++; ; TMP2 = read(TMP); ; A &= TMP2; ; set_nz(A); ; prefetch();,no,no,read,Cpu65c02Opcode/Cpu65c02Microcode/CpuExecutionPlanner,high (mame opcode map),mame_handler=and_zpg; cycles_source=mame_seq_derived; micro-queued in scheduler
implemented,shift_rotate,26,ROL,ZPG,5,"TMP = read_pc(); ; PC++; ; TMP2 = read(TMP); ; read(TMP); ; TMP2 = do_rol(TMP2); ; write(TMP, TMP2); ; prefetch();",no,no,read-modify-write,Cpu65c02Opcode/Cpu65c02Microcode/CpuExecutionPlanner,high (mame opcode map),mame_handler=rol_c_zpg; cmos-path handler; cycles_source=mame_seq_derived; micro-queued in scheduler
planned,nop,27,NOP,IMP,1,prefetch();,no,no,internal,backlog,high (mame opcode map),mame_handler=nop_c_imp; cmos-path handler; cycles_source=mame_seq_derived
planned,stack,28,PLP,IMP,4,read_pc(); ; read(SP); ; inc_SP(); ; TMP = read(SP) | (F_B|F_E); ; prefetch(); ; P = TMP; // Do *not* move it before the prefetch,no,no,stack,backlog,high (mame opcode map),mame_handler=plp_imp; cycles_source=mame_seq_derived
implemented,logic,29,AND,IMM,2,TMP = read_pc(); ; PC++; ; A &= TMP; ; set_nz(A); ; prefetch();,no,no,read,Cpu65c02Opcode/Cpu65c02Microcode/CpuExecutionPlanner,high (mame opcode map),mame_handler=and_imm; cycles_source=mame_seq_derived; micro-queued in scheduler
implemented,shift_rotate,2A,ROL,ACC,2,read_pc(); ; A = do_rol(A); ; prefetch();,no,no,read,Cpu65c02Opcode/Cpu65c02Microcode/CpuExecutionPlanner,high (mame opcode map),mame_handler=rol_acc; cycles_source=mame_seq_derived; micro-queued in scheduler
planned,nop,2B,NOP,IMP,1,prefetch();,no,no,internal,backlog,high (mame opcode map),mame_handler=nop_c_imp; cmos-path handler; cycles_source=mame_seq_derived
implemented,logic,2C,BIT,ABS,4,"TMP = read_pc(); ; PC++; ; TMP = set_h(TMP, read_pc()); ; PC++; ; TMP2 = read(TMP); ; do_bit(TMP2); ; prefetch();",no,no,read,Cpu65c02Opcode/Cpu65c02Microcode/CpuExecutionPlanner,high (mame opcode map),mame_handler=bit_aba; cycles_source=mame_seq_derived; micro-queued in scheduler
implemented,logic,2D,AND,ABS,4,"TMP = read_pc(); ; PC++; ; TMP = set_h(TMP, read_pc()); ; PC++; ; TMP2 = read(TMP); ; A &= TMP2; ; set_nz(A); ; prefetch();",no,no,read,Cpu65c02Opcode/Cpu65c02Microcode/CpuExecutionPlanner,high (mame opcode map),mame_handler=and_aba; cycles_source=mame_seq_derived; micro-queued in scheduler
implemented,shift_rotate,2E,ROL,ABS,6,"TMP = read_pc(); ; PC++; ; TMP = set_h(TMP, read_pc()); ; PC++; ; TMP2 = read(TMP); ; read(TMP); ; TMP2 = do_rol(TMP2); ; write(TMP, TMP2); ; prefetch();",no,no,read-modify-write,Cpu65c02Opcode/Cpu65c02Microcode/CpuExecutionPlanner,high (mame opcode map),mame_handler=rol_c_aba; cmos-path handler; cycles_source=mame_seq_derived; micro-queued in scheduler
planned,nop,2F,NOP,IMP,1,prefetch();,no,no,internal,backlog,high (mame opcode map),mame_handler=nop_c_imp; cmos-path handler; cycles_source=mame_seq_derived
planned,control,30,BMI,REL,1/3,"TMP = read_pc(); ; PC++; ; if(P & F_N) { ; read_pc(); ; if(page_changing(PC, int8_t(TMP))) { ; read_arg(set_l(PC, PC+int8_t(TMP))); ; PC += int8_t(TMP); ; prefetch();",mode-dependent,yes,control-flow,backlog,high (mame opcode map),mame_handler=bmi_rel; cycles_source=mame_seq_derived
implemented,logic,31,AND,IND_Y,3/6,"TMP2 = read_pc(); ; PC++; ; TMP = read(TMP2); ; TMP = set_h(TMP, read((TMP2+1) & 0xff)); ; if(page_changing(TMP, Y)) { ; read(set_l(TMP, TMP+Y)); ; TMP2 = read(TMP+Y); ; A &= TMP2; ; set_nz(A); ; prefetch();",mode-dependent,no,read,Cpu65c02Opcode/Cpu65c02Microcode/CpuExecutionPlanner,high (mame opcode map),mame_handler=and_idy; cycles_source=mame_seq_derived; micro-queued in scheduler
implemented,logic,32,AND,ZPG_IND,5,"TMP2 = read_pc(); ; PC++; ; TMP = read(TMP2 & 0xff); ; TMP = set_h(TMP, read((TMP2+1) & 0xff)); ; TMP2 = read(TMP); ; A &= TMP2; ; set_nz(A); ; prefetch();",no,no,read,Cpu65c02Opcode/Cpu65c02Microcode/CpuExecutionPlanner,high (mame opcode map),mame_handler=and_zpi; cycles_source=mame_seq_derived; micro-queued in scheduler
planned,nop,33,NOP,IMP,1,prefetch();,no,no,internal,backlog,high (mame opcode map),mame_handler=nop_c_imp; cmos-path handler; cycles_source=mame_seq_derived
implemented,logic,34,BIT,ZPG_X,4,TMP = read_pc(); ; PC++; ; read(TMP); ; TMP2 = read(uint8_t(TMP+X)); ; do_bit(TMP2); ; prefetch();,no,no,read,Cpu65c02Opcode/Cpu65c02Microcode/CpuExecutionPlanner,high (mame opcode map),mame_handler=bit_zpx; cycles_source=mame_seq_derived; micro-queued in scheduler
implemented,logic,35,AND,ZPG_X,4,TMP = read_pc(); ; PC++; ; read(TMP); ; TMP2 = read(uint8_t(TMP+X)); ; A &= TMP2; ; set_nz(A); ; prefetch();,no,no,read,Cpu65c02Opcode/Cpu65c02Microcode/CpuExecutionPlanner,high (mame opcode map),mame_handler=and_zpx; cycles_source=mame_seq_derived; micro-queued in scheduler
implemented,shift_rotate,36,ROL,ZPG_X,6,"TMP = read_pc(); ; PC++; ; read(TMP); ; TMP = uint8_t(TMP+X); ; TMP2 = read(TMP); ; read(TMP); ; TMP2 = do_rol(TMP2); ; write(TMP, TMP2); ; prefetch();",no,no,read-modify-write,Cpu65c02Opcode/Cpu65c02Microcode/CpuExecutionPlanner,high (mame opcode map),mame_handler=rol_c_zpx; cmos-path handler; cycles_source=mame_seq_derived; micro-queued in scheduler
planned,nop,37,NOP,IMP,1,prefetch();,no,no,internal,backlog,high (mame opcode map),mame_handler=nop_c_imp; cmos-path handler; cycles_source=mame_seq_derived
planned,flags,38,SEC,IMP,2,read_pc(); ; P |= F_C; ; prefetch();,no,no,internal,backlog,high (mame opcode map),mame_handler=sec_imp; cycles_source=mame_seq_derived
implemented,logic,39,AND,ABS_Y,2/5,"TMP = read_pc(); ; PC++; ; TMP = set_h(TMP, read_pc()); ; PC++; ; if(page_changing(TMP, Y)) { ; read(set_l(TMP, TMP+Y)); ; TMP += Y; ; TMP2 = read(TMP); ; A &= TMP2; ; set_nz(A); ; prefetch();",mode-dependent,no,read,Cpu65c02Opcode/Cpu65c02Microcode/CpuExecutionPlanner,high (mame opcode map),mame_handler=and_aby; cycles_source=mame_seq_derived; micro-queued in scheduler
planned,inc_dec,3A,DEC,ACC,2,read_pc(); ; A--; ; set_nz(A); ; prefetch();,no,no,read,backlog,high (mame opcode map),mame_handler=dec_acc; cycles_source=mame_seq_derived
planned,nop,3B,NOP,IMP,1,prefetch();,no,no,internal,backlog,high (mame opcode map),mame_handler=nop_c_imp; cmos-path handler; cycles_source=mame_seq_derived
implemented,logic,3C,BIT,ABS_X,2/5,"TMP = read_pc(); ; PC++; ; TMP = set_h(TMP, read_pc()); ; PC++; ; if(page_changing(TMP, X)) { ; read(set_l(TMP, TMP+X)); ; TMP += X; ; TMP2 = read(TMP); ; do_bit(TMP2); ; prefetch();",mode-dependent,no,read,Cpu65c02Opcode/Cpu65c02Microcode/CpuExecutionPlanner,high (mame opcode map),mame_handler=bit_abx; cycles_source=mame_seq_derived; micro-queued in scheduler
implemented,logic,3D,AND,ABS_X,2/5,"TMP = read_pc(); ; PC++; ; TMP = set_h(TMP, read_pc()); ; PC++; ; if(page_changing(TMP, X)) { ; read(set_l(TMP, TMP+X)); ; TMP += X; ; TMP2 = read(TMP); ; A &= TMP2; ; set_nz(A); ; prefetch();",mode-dependent,no,read,Cpu65c02Opcode/Cpu65c02Microcode/CpuExecutionPlanner,high (mame opcode map),mame_handler=and_abx; cycles_source=mame_seq_derived; micro-queued in scheduler
implemented,shift_rotate,3E,ROL,ABS_X,7,"TMP = read_pc(); ; PC++; ; TMP = set_h(TMP, read_pc()); ; PC++; ; read(set_l(TMP, TMP+X)); ; TMP += X; ; TMP2 = read(TMP); ; read(TMP); ; TMP2 = do_rol(TMP2); ; write(TMP, TMP2); ; prefetch();",mode-dependent,no,read-modify-write,Cpu65c02Opcode/Cpu65c02Microcode/CpuExecutionPlanner,high (mame opcode map),mame_handler=rol_c_abx; cmos-path handler; cycles_source=mame_seq_derived; micro-queued in scheduler
planned,nop,3F,NOP,IMP,1,prefetch();,no,no,internal,backlog,high (mame opcode map),mame_handler=nop_c_imp; cmos-path handler; cycles_source=mame_seq_derived
planned,control,40,RTI,IMP,6,"read_pc(); ; read(SP); ; inc_SP(); ; P = read(SP) | (F_B|F_E); ; inc_SP(); ; PC = read(SP); ; inc_SP(); ; PC = set_h(PC, read(SP)); ; prefetch();",no,no,control-flow,backlog,high (mame opcode map),mame_handler=rti_imp; cycles_source=mame_seq_derived
implemented,logic,41,EOR,IND_X,6,"TMP2 = read_pc(); ; PC++; ; read(TMP2); ; TMP2 += X; ; TMP = read(TMP2 & 0xff); ; TMP = set_h(TMP, read((TMP2+1) & 0xff)); ; TMP2 = read(TMP); ; A ^= TMP2; ; set_nz(A); ; prefetch();",no,no,read,Cpu65c02Opcode/Cpu65c02Microcode/CpuExecutionPlanner,high (mame opcode map),mame_handler=eor_idx; cycles_source=mame_seq_derived; micro-queued in scheduler
planned,nop,42,NOP,IMM,2,read_pc(); ; PC++; ; prefetch();,no,no,read,backlog,high (mame opcode map),mame_handler=nop_imm; cycles_source=mame_seq_derived
planned,nop,43,NOP,IMP,1,prefetch();,no,no,internal,backlog,high (mame opcode map),mame_handler=nop_c_imp; cmos-path handler; cycles_source=mame_seq_derived
planned,nop,44,NOP,ZPG,3,TMP = read_pc(); ; PC++; ; read(TMP); ; prefetch();,no,no,read,backlog,high (mame opcode map),mame_handler=nop_zpg; cycles_source=mame_seq_derived
implemented,logic,45,EOR,ZPG,3,TMP = read_pc(); ; PC++; ; TMP2 = read(TMP); ; A ^= TMP2; ; set_nz(A); ; prefetch();,no,no,read,Cpu65c02Opcode/Cpu65c02Microcode/CpuExecutionPlanner,high (mame opcode map),mame_handler=eor_zpg; cycles_source=mame_seq_derived; micro-queued in scheduler
implemented,shift_rotate,46,LSR,ZPG,5,"TMP = read_pc(); ; PC++; ; TMP2 = read(TMP); ; read(TMP); ; TMP2 = do_lsr(TMP2); ; write(TMP, TMP2); ; prefetch();",no,no,read-modify-write,Cpu65c02Opcode/Cpu65c02Microcode/CpuExecutionPlanner,high (mame opcode map),mame_handler=lsr_c_zpg; cmos-path handler; cycles_source=mame_seq_derived; micro-queued in scheduler
planned,nop,47,NOP,IMP,1,prefetch();,no,no,internal,backlog,high (mame opcode map),mame_handler=nop_c_imp; cmos-path handler; cycles_source=mame_seq_derived
planned,stack,48,PHA,IMP,3,"read_pc(); ; write(SP, A); ; dec_SP(); ; prefetch();",no,no,stack,backlog,high (mame opcode map),mame_handler=pha_imp; cycles_source=mame_seq_derived
implemented,logic,49,EOR,IMM,2,TMP = read_pc(); ; PC++; ; A ^= TMP; ; set_nz(A); ; prefetch();,no,no,read,Cpu65c02Opcode/Cpu65c02Microcode/CpuExecutionPlanner,high (mame opcode map),mame_handler=eor_imm; cycles_source=mame_seq_derived; micro-queued in scheduler
implemented,shift_rotate,4A,LSR,ACC,2,read_pc(); ; A = do_lsr(A); ; prefetch();,no,no,read,Cpu65c02Opcode/Cpu65c02Microcode/CpuExecutionPlanner,high (mame opcode map),mame_handler=lsr_acc; cycles_source=mame_seq_derived; micro-queued in scheduler
planned,nop,4B,NOP,IMP,1,prefetch();,no,no,internal,backlog,high (mame opcode map),mame_handler=nop_c_imp; cmos-path handler; cycles_source=mame_seq_derived
planned,control,4C,JMP,ABS,3,"TMP = read_pc(); ; PC++; ; TMP = set_h(TMP, read_pc()); ; PC = TMP; ; prefetch();",no,no,control-flow,backlog,high (mame opcode map),mame_handler=jmp_adr; cycles_source=mame_seq_derived
implemented,logic,4D,EOR,ABS,4,"TMP = read_pc(); ; PC++; ; TMP = set_h(TMP, read_pc()); ; PC++; ; TMP2 = read(TMP); ; A ^= TMP2; ; set_nz(A); ; prefetch();",no,no,read,Cpu65c02Opcode/Cpu65c02Microcode/CpuExecutionPlanner,high (mame opcode map),mame_handler=eor_aba; cycles_source=mame_seq_derived; micro-queued in scheduler
implemented,shift_rotate,4E,LSR,ABS,6,"TMP = read_pc(); ; PC++; ; TMP = set_h(TMP, read_pc()); ; PC++; ; TMP2 = read(TMP); ; read(TMP); ; TMP2 = do_lsr(TMP2); ; write(TMP, TMP2); ; prefetch();",no,no,read-modify-write,Cpu65c02Opcode/Cpu65c02Microcode/CpuExecutionPlanner,high (mame opcode map),mame_handler=lsr_c_aba; cmos-path handler; cycles_source=mame_seq_derived; micro-queued in scheduler
planned,nop,4F,NOP,IMP,1,prefetch();,no,no,internal,backlog,high (mame opcode map),mame_handler=nop_c_imp; cmos-path handler; cycles_source=mame_seq_derived
planned,control,50,BVC,REL,1/3,"TMP = read_pc(); ; PC++; ; if(!(P & F_V)) { ; read_pc(); ; if(page_changing(PC, int8_t(TMP))) { ; read_arg(set_l(PC, PC+int8_t(TMP))); ; PC += int8_t(TMP); ; prefetch();",mode-dependent,yes,control-flow,backlog,high (mame opcode map),mame_handler=bvc_rel; cycles_source=mame_seq_derived
implemented,logic,51,EOR,IND_Y,3/6,"TMP2 = read_pc(); ; PC++; ; TMP = read(TMP2); ; TMP = set_h(TMP, read((TMP2+1) & 0xff)); ; if(page_changing(TMP, Y)) { ; read(set_l(TMP, TMP+Y)); ; TMP2 = read(TMP+Y); ; A ^= TMP2; ; set_nz(A); ; prefetch();",mode-dependent,no,read,Cpu65c02Opcode/Cpu65c02Microcode/CpuExecutionPlanner,high (mame opcode map),mame_handler=eor_idy; cycles_source=mame_seq_derived; micro-queued in scheduler
implemented,logic,52,EOR,ZPG_IND,5,"TMP2 = read_pc(); ; PC++; ; TMP = read(TMP2 & 0xff); ; TMP = set_h(TMP, read((TMP2+1) & 0xff)); ; TMP2 = read(TMP); ; A ^= TMP2; ; set_nz(A); ; prefetch();",no,no,read,Cpu65c02Opcode/Cpu65c02Microcode/CpuExecutionPlanner,high (mame opcode map),mame_handler=eor_zpi; cycles_source=mame_seq_derived; micro-queued in scheduler
planned,nop,53,NOP,IMP,1,prefetch();,no,no,internal,backlog,high (mame opcode map),mame_handler=nop_c_imp; cmos-path handler; cycles_source=mame_seq_derived
planned,nop,54,NOP,ZPG_X,4,TMP = read_pc(); ; PC++; ; read(TMP); ; read(uint8_t(TMP+X)); ; prefetch();,no,no,read,backlog,high (mame opcode map),mame_handler=nop_zpx; cycles_source=mame_seq_derived
implemented,logic,55,EOR,ZPG_X,4,TMP = read_pc(); ; PC++; ; read(TMP); ; TMP2 = read(uint8_t(TMP+X)); ; A ^= TMP2; ; set_nz(A); ; prefetch();,no,no,read,Cpu65c02Opcode/Cpu65c02Microcode/CpuExecutionPlanner,high (mame opcode map),mame_handler=eor_zpx; cycles_source=mame_seq_derived; micro-queued in scheduler
implemented,shift_rotate,56,LSR,ZPG_X,6,"TMP = read_pc(); ; PC++; ; read(TMP); ; TMP = uint8_t(TMP+X); ; TMP2 = read(TMP); ; read(TMP); ; TMP2 = do_lsr(TMP2); ; write(TMP, TMP2); ; prefetch();",no,no,read-modify-write,Cpu65c02Opcode/Cpu65c02Microcode/CpuExecutionPlanner,high (mame opcode map),mame_handler=lsr_c_zpx; cmos-path handler; cycles_source=mame_seq_derived; micro-queued in scheduler
planned,nop,57,NOP,IMP,1,prefetch();,no,no,internal,backlog,high (mame opcode map),mame_handler=nop_c_imp; cmos-path handler; cycles_source=mame_seq_derived
planned,flags,58,CLI,IMP,2,read_pc(); ; prefetch(); ; P &= ~F_I; // Do *not* move it before the prefetch,no,no,internal,backlog,high (mame opcode map),mame_handler=cli_imp; cycles_source=mame_seq_derived
implemented,logic,59,EOR,ABS_Y,2/5,"TMP = read_pc(); ; PC++; ; TMP = set_h(TMP, read_pc()); ; PC++; ; if(page_changing(TMP, Y)) { ; read(set_l(TMP, TMP+Y)); ; TMP += Y; ; TMP2 = read(TMP); ; A ^= TMP2; ; set_nz(A); ; prefetch();",mode-dependent,no,read,Cpu65c02Opcode/Cpu65c02Microcode/CpuExecutionPlanner,high (mame opcode map),mame_handler=eor_aby; cycles_source=mame_seq_derived; micro-queued in scheduler
planned,stack,5A,PHY,IMP,3,"read_pc(); ; write(SP, Y); ; dec_SP(); ; prefetch();",no,no,stack,backlog,high (mame opcode map),mame_handler=phy_imp; cycles_source=mame_seq_derived
planned,nop,5B,NOP,IMP,1,prefetch();,no,no,internal,backlog,high (mame opcode map),mame_handler=nop_c_imp; cmos-path handler; cycles_source=mame_seq_derived
planned,nop,5C,NOP,ABS,8,read_pc(); ; PC++; ; read_pc(); ; PC++; ; read_pc(); ; read_pc(); ; read_pc(); ; read_pc(); ; read_pc(); ; prefetch();,no,no,read,backlog,high (mame opcode map),mame_handler=nop_c_aba; cmos-path handler; cycles_source=mame_seq_derived
implemented,logic,5D,EOR,ABS_X,2/5,"TMP = read_pc(); ; PC++; ; TMP = set_h(TMP, read_pc()); ; PC++; ; if(page_changing(TMP, X)) { ; read(set_l(TMP, TMP+X)); ; TMP += X; ; TMP2 = read(TMP); ; A ^= TMP2; ; set_nz(A); ; prefetch();",mode-dependent,no,read,Cpu65c02Opcode/Cpu65c02Microcode/CpuExecutionPlanner,high (mame opcode map),mame_handler=eor_abx; cycles_source=mame_seq_derived; micro-queued in scheduler
implemented,shift_rotate,5E,LSR,ABS_X,7,"TMP = read_pc(); ; PC++; ; TMP = set_h(TMP, read_pc()); ; PC++; ; read(set_l(TMP, TMP+X)); ; TMP += X; ; TMP2 = read(TMP); ; read(TMP); ; TMP2 = do_lsr(TMP2); ; write(TMP, TMP2); ; prefetch();",mode-dependent,no,read-modify-write,Cpu65c02Opcode/Cpu65c02Microcode/CpuExecutionPlanner,high (mame opcode map),mame_handler=lsr_c_abx; cmos-path handler; cycles_source=mame_seq_derived; micro-queued in scheduler
planned,nop,5F,NOP,IMP,1,prefetch();,no,no,internal,backlog,high (mame opcode map),mame_handler=nop_c_imp; cmos-path handler; cycles_source=mame_seq_derived
planned,control,60,RTS,IMP,6,"read_pc(); ; read(SP); ; inc_SP(); ; PC = read(SP); ; inc_SP(); ; PC = set_h(PC, read(SP)); ; read_pc(); ; PC++; ; prefetch();",no,no,control-flow,backlog,high (mame opcode map),mame_handler=rts_imp; cycles_source=mame_seq_derived
implemented,alu,61,ADC,IND_X,5/7,"TMP2 = read_pc(); ; PC++; ; read(TMP2); ; TMP2 += X; ; TMP = read(TMP2 & 0xff); ; TMP = set_h(TMP, read((TMP2+1) & 0xff)); ; TMP2 = read(TMP); ; do_adc(TMP2); ; if(P & F_D) { ; read_pc(); ; set_nz(A); ; prefetch();",no,no,read,Cpu65c02Opcode/Cpu65c02Microcode/CpuExecutionPlanner,high (mame opcode map),mame_handler=adc_c_idx; cmos-path handler; cycles_source=mame_seq_derived; micro-queued in scheduler
planned,nop,62,NOP,IMM,2,read_pc(); ; PC++; ; prefetch();,no,no,read,backlog,high (mame opcode map),mame_handler=nop_imm; cycles_source=mame_seq_derived
planned,nop,63,NOP,IMP,1,prefetch();,no,no,internal,backlog,high (mame opcode map),mame_handler=nop_c_imp; cmos-path handler; cycles_source=mame_seq_derived
planned,store,64,STZ,ZPG,3,"TMP = read_pc(); ; PC++; ; write(TMP, 0x00); ; prefetch();",no,no,write,backlog,high (mame opcode map),mame_handler=stz_zpg; cycles_source=mame_seq_derived
implemented,alu,65,ADC,ZPG,2/4,TMP = read_pc(); ; PC++; ; TMP2 = read(TMP); ; do_adc(TMP2); ; if(P & F_D) { ; read_pc(); ; set_nz(A); ; prefetch();,no,no,read,Cpu65c02Opcode/Cpu65c02Microcode/CpuExecutionPlanner,high (mame opcode map),mame_handler=adc_c_zpg; cmos-path handler; cycles_source=mame_seq_derived; micro-queued in scheduler
implemented,shift_rotate,66,ROR,ZPG,5,"TMP = read_pc(); ; PC++; ; TMP2 = read(TMP); ; read(TMP); ; TMP2 = do_ror(TMP2); ; write(TMP, TMP2); ; prefetch();",no,no,read-modify-write,Cpu65c02Opcode/Cpu65c02Microcode/CpuExecutionPlanner,high (mame opcode map),mame_handler=ror_c_zpg; cmos-path handler; cycles_source=mame_seq_derived; micro-queued in scheduler
planned,nop,67,NOP,IMP,1,prefetch();,no,no,internal,backlog,high (mame opcode map),mame_handler=nop_c_imp; cmos-path handler; cycles_source=mame_seq_derived
planned,stack,68,PLA,IMP,4,read_pc(); ; read(SP); ; inc_SP(); ; A = read(SP); ; set_nz(A); ; prefetch();,no,no,stack,backlog,high (mame opcode map),mame_handler=pla_imp; cycles_source=mame_seq_derived
implemented,alu,69,ADC,IMM,1/3,TMP = read_pc(); ; PC++; ; do_adc(TMP); ; if(P & F_D) { ; read_pc(); ; set_nz(A); ; prefetch();,no,no,read,Cpu65c02Opcode/Cpu65c02Microcode/CpuExecutionPlanner,high (mame opcode map),mame_handler=adc_c_imm; cmos-path handler; cycles_source=mame_seq_derived; micro-queued in scheduler
implemented,shift_rotate,6A,ROR,ACC,2,read_pc(); ; A = do_ror(A); ; prefetch();,no,no,read,Cpu65c02Opcode/Cpu65c02Microcode/CpuExecutionPlanner,high (mame opcode map),mame_handler=ror_acc; cycles_source=mame_seq_derived; micro-queued in scheduler
planned,nop,6B,NOP,IMP,1,prefetch();,no,no,internal,backlog,high (mame opcode map),mame_handler=nop_c_imp; cmos-path handler; cycles_source=mame_seq_derived
planned,control,6C,JMP,ABS_IND,6,"TMP = read_pc(); ; PC++; ; TMP = set_h(TMP, read_pc()); ; PC++; ; PC = read(TMP); ; read(set_l(TMP, TMP+1)); ; PC = set_h(PC, read(TMP+1)); ; prefetch();",no,no,control-flow,backlog,high (mame opcode map),mame_handler=jmp_c_ind; cmos-path handler; cycles_source=mame_seq_derived
implemented,alu,6D,ADC,ABS,3/5,"TMP = read_pc(); ; PC++; ; TMP = set_h(TMP, read_pc()); ; PC++; ; TMP2 = read(TMP); ; do_adc(TMP2); ; if(P & F_D) { ; read_pc(); ; set_nz(A); ; prefetch();",no,no,read,Cpu65c02Opcode/Cpu65c02Microcode/CpuExecutionPlanner,high (mame opcode map),mame_handler=adc_c_aba; cmos-path handler; cycles_source=mame_seq_derived; micro-queued in scheduler
implemented,shift_rotate,6E,ROR,ABS,6,"TMP = read_pc(); ; PC++; ; TMP = set_h(TMP, read_pc()); ; PC++; ; TMP2 = read(TMP); ; read(TMP); ; TMP2 = do_ror(TMP2); ; write(TMP, TMP2); ; prefetch();",no,no,read-modify-write,Cpu65c02Opcode/Cpu65c02Microcode/CpuExecutionPlanner,high (mame opcode map),mame_handler=ror_c_aba; cmos-path handler; cycles_source=mame_seq_derived; micro-queued in scheduler
planned,nop,6F,NOP,IMP,1,prefetch();,no,no,internal,backlog,high (mame opcode map),mame_handler=nop_c_imp; cmos-path handler; cycles_source=mame_seq_derived
planned,control,70,BVS,REL,1/3,"TMP = read_pc(); ; PC++; ; if(P & F_V) { ; read_pc(); ; if(page_changing(PC, int8_t(TMP))) { ; read_arg(set_l(PC, PC+int8_t(TMP))); ; PC += int8_t(TMP); ; prefetch();",mode-dependent,yes,control-flow,backlog,high (mame opcode map),mame_handler=bvs_rel; cycles_source=mame_seq_derived
implemented,alu,71,ADC,IND_Y,3/7,"TMP2 = read_pc(); ; PC++; ; TMP = read(TMP2); ; TMP = set_h(TMP, read((TMP2+1) & 0xff)); ; if(page_changing(TMP, Y)) { ; read(set_l(TMP, TMP+Y)); ; TMP2 = read(TMP+Y); ; do_adc(TMP2); ; if(P & F_D) { ; read_pc(); ; set_nz(A); ; prefetch();",mode-dependent,no,read,Cpu65c02Opcode/Cpu65c02Microcode/CpuExecutionPlanner,high (mame opcode map),mame_handler=adc_c_idy; cmos-path handler; cycles_source=mame_seq_derived; micro-queued in scheduler
implemented,alu,72,ADC,ZPG_IND,4/6,"TMP2 = read_pc(); ; PC++; ; TMP = read(TMP2 & 0xff); ; TMP = set_h(TMP, read((TMP2+1) & 0xff)); ; TMP2 = read(TMP); ; do_adc(TMP2); ; if(P & F_D) { ; read_pc(); ; set_nz(A); ; prefetch();",no,no,read,Cpu65c02Opcode/Cpu65c02Microcode/CpuExecutionPlanner,high (mame opcode map),mame_handler=adc_c_zpi; cmos-path handler; cycles_source=mame_seq_derived; micro-queued in scheduler
planned,nop,73,NOP,IMP,1,prefetch();,no,no,internal,backlog,high (mame opcode map),mame_handler=nop_c_imp; cmos-path handler; cycles_source=mame_seq_derived
planned,store,74,STZ,ZPG_X,4,"TMP = read_pc(); ; PC++; ; read(TMP); ; write(uint8_t(TMP+X), 0x00); ; prefetch();",no,no,write,backlog,high (mame opcode map),mame_handler=stz_zpx; cycles_source=mame_seq_derived
implemented,alu,75,ADC,ZPG_X,3/5,TMP = read_pc(); ; PC++; ; read(TMP); ; TMP2 = read(uint8_t(TMP+X)); ; do_adc(TMP2); ; if(P & F_D) { ; read_pc(); ; set_nz(A); ; prefetch();,no,no,read,Cpu65c02Opcode/Cpu65c02Microcode/CpuExecutionPlanner,high (mame opcode map),mame_handler=adc_c_zpx; cmos-path handler; cycles_source=mame_seq_derived; micro-queued in scheduler
implemented,shift_rotate,76,ROR,ZPG_X,6,"TMP = read_pc(); ; PC++; ; read(TMP); ; TMP = uint8_t(TMP+X); ; TMP2 = read(TMP); ; read(TMP); ; TMP2 = do_ror(TMP2); ; write(TMP, TMP2); ; prefetch();",no,no,read-modify-write,Cpu65c02Opcode/Cpu65c02Microcode/CpuExecutionPlanner,high (mame opcode map),mame_handler=ror_c_zpx; cmos-path handler; cycles_source=mame_seq_derived; micro-queued in scheduler
planned,nop,77,NOP,IMP,1,prefetch();,no,no,internal,backlog,high (mame opcode map),mame_handler=nop_c_imp; cmos-path handler; cycles_source=mame_seq_derived
planned,flags,78,SEI,IMP,2,read_pc(); ; prefetch(); ; P |= F_I; // Do *not* move it before the prefetch,no,no,internal,backlog,high (mame opcode map),mame_handler=sei_imp; cycles_source=mame_seq_derived
implemented,alu,79,ADC,ABS_Y,2/6,"TMP = read_pc(); ; PC++; ; TMP = set_h(TMP, read_pc()); ; PC++; ; if(page_changing(TMP, Y)) { ; read(set_l(TMP, TMP+Y)); ; TMP += Y; ; TMP2 = read(TMP); ; do_adc(TMP2); ; if(P & F_D) { ; read_pc(); ; set_nz(A); ; prefetch();",mode-dependent,no,read,Cpu65c02Opcode/Cpu65c02Microcode/CpuExecutionPlanner,high (mame opcode map),mame_handler=adc_c_aby; cmos-path handler; cycles_source=mame_seq_derived; micro-queued in scheduler
planned,stack,7A,PLY,IMP,4,read_pc(); ; read(SP); ; inc_SP(); ; Y = read(SP); ; set_nz(Y); ; prefetch();,no,no,stack,backlog,high (mame opcode map),mame_handler=ply_imp; cycles_source=mame_seq_derived
planned,nop,7B,NOP,IMP,1,prefetch();,no,no,internal,backlog,high (mame opcode map),mame_handler=nop_c_imp; cmos-path handler; cycles_source=mame_seq_derived
planned,control,7C,JMP,ABS_IND_X,6,"TMP = read_pc(); ; PC++; ; TMP = set_h(TMP, read_pc()); ; PC++; ; read(set_l(TMP, TMP+X)); ; TMP += X; ; PC = read(TMP); ; PC = set_h(PC, read(TMP+1)); ; prefetch();",no,no,control-flow,backlog,high (mame opcode map),mame_handler=jmp_iax; cycles_source=mame_seq_derived
implemented,alu,7D,ADC,ABS_X,2/6,"TMP = read_pc(); ; PC++; ; TMP = set_h(TMP, read_pc()); ; PC++; ; if(page_changing(TMP, X)) { ; read(set_l(TMP, TMP+X)); ; TMP += X; ; TMP2 = read(TMP); ; do_adc(TMP2); ; if(P & F_D) { ; read_pc(); ; set_nz(A); ; prefetch();",mode-dependent,no,read,Cpu65c02Opcode/Cpu65c02Microcode/CpuExecutionPlanner,high (mame opcode map),mame_handler=adc_c_abx; cmos-path handler; cycles_source=mame_seq_derived; micro-queued in scheduler
implemented,shift_rotate,7E,ROR,ABS_X,7,"TMP = read_pc(); ; PC++; ; TMP = set_h(TMP, read_pc()); ; PC++; ; read(set_l(TMP, TMP+X)); ; TMP += X; ; TMP2 = read(TMP); ; read(TMP); ; TMP2 = do_ror(TMP2); ; write(TMP, TMP2); ; prefetch();",mode-dependent,no,read-modify-write,Cpu65c02Opcode/Cpu65c02Microcode/CpuExecutionPlanner,high (mame opcode map),mame_handler=ror_c_abx; cmos-path handler; cycles_source=mame_seq_derived; micro-queued in scheduler
planned,nop,7F,NOP,IMP,1,prefetch();,no,no,internal,backlog,high (mame opcode map),mame_handler=nop_c_imp; cmos-path handler; cycles_source=mame_seq_derived
planned,control,80,BRA,REL,2/3,"TMP = read_pc(); ; PC++; ; read_pc(); ; if(page_changing(PC, int8_t(TMP))) { ; read_arg(set_l(PC, PC+int8_t(TMP))); ; PC += int8_t(TMP); ; prefetch();",mode-dependent,yes,control-flow,backlog,high (mame opcode map),mame_handler=bra_rel; cycles_source=mame_seq_derived
implemented,store,81,STA,IND_X,6,"TMP2 = read_pc(); ; PC++; ; read(TMP2); ; TMP2 += X; ; TMP = read(TMP2 & 0xff); ; TMP = set_h(TMP, read((TMP2+1) & 0xff)); ; write(TMP, A); ; prefetch();",no,no,write,Cpu65c02Opcode/Cpu65c02Microcode/CpuExecutionPlanner,high (mame opcode map),mame_handler=sta_idx; cycles_source=mame_seq_derived; micro-queued in scheduler
planned,nop,82,NOP,IMM,2,read_pc(); ; PC++; ; prefetch();,no,no,read,backlog,high (mame opcode map),mame_handler=nop_imm; cycles_source=mame_seq_derived
planned,nop,83,NOP,IMP,1,prefetch();,no,no,internal,backlog,high (mame opcode map),mame_handler=nop_c_imp; cmos-path handler; cycles_source=mame_seq_derived
implemented,store,84,STY,ZPG,3,"TMP = read_pc(); ; PC++; ; write(TMP, Y); ; prefetch();",no,no,write,Cpu65c02Opcode/Cpu65c02Microcode/CpuExecutionPlanner,high (mame opcode map),mame_handler=sty_zpg; cycles_source=mame_seq_derived; micro-queued in scheduler
implemented,store,85,STA,ZPG,3,"TMP = read_pc(); ; PC++; ; write(TMP, A); ; prefetch();",no,no,write,Cpu65c02Opcode/Cpu65c02Microcode/CpuExecutionPlanner,high (mame opcode map),mame_handler=sta_zpg; cycles_source=mame_seq_derived; micro-queued in scheduler
implemented,store,86,STX,ZPG,3,"TMP = read_pc(); ; PC++; ; write(TMP, X); ; prefetch();",no,no,write,Cpu65c02Opcode/Cpu65c02Microcode/CpuExecutionPlanner,high (mame opcode map),mame_handler=stx_zpg; cycles_source=mame_seq_derived; micro-queued in scheduler
planned,nop,87,NOP,IMP,1,prefetch();,no,no,internal,backlog,high (mame opcode map),mame_handler=nop_c_imp; cmos-path handler; cycles_source=mame_seq_derived
planned,inc_dec,88,DEY,IMP,2,read_pc(); ; Y--; ; set_nz(Y); ; prefetch();,no,no,read,backlog,high (mame opcode map),mame_handler=dey_imp; cycles_source=mame_seq_derived
implemented,logic,89,BIT,IMM,2,TMP = read_pc(); ; PC++; ; if(A & TMP) ; P &= ~F_Z; ; else ; P |= F_Z; ; prefetch();,no,no,read,Cpu65c02Opcode/Cpu65c02Microcode/CpuExecutionPlanner,high (mame opcode map),mame_handler=bit_imm; cycles_source=mame_seq_derived; micro-queued in scheduler
planned,transfer,8A,TXA,IMP,2,read_pc(); ; A = X; ; set_nz(A); ; prefetch();,no,no,internal,backlog,high (mame opcode map),mame_handler=txa_imp; cycles_source=mame_seq_derived
planned,nop,8B,NOP,IMP,1,prefetch();,no,no,internal,backlog,high (mame opcode map),mame_handler=nop_c_imp; cmos-path handler; cycles_source=mame_seq_derived
implemented,store,8C,STY,ABS,4,"TMP = read_pc(); ; PC++; ; TMP = set_h(TMP, read_pc()); ; PC++; ; write(TMP, Y); ; prefetch();",no,no,write,Cpu65c02Opcode/Cpu65c02Microcode/CpuExecutionPlanner,high (mame opcode map),mame_handler=sty_aba; cycles_source=mame_seq_derived; micro-queued in scheduler
implemented,store,8D,STA,ABS,4,"TMP = read_pc(); ; PC++; ; TMP = set_h(TMP, read_pc()); ; PC++; ; write(TMP, A); ; prefetch();",no,no,write,Cpu65c02Opcode/Cpu65c02Microcode/CpuExecutionPlanner,high (mame opcode map),mame_handler=sta_aba; cycles_source=mame_seq_derived; micro-queued in scheduler
implemented,store,8E,STX,ABS,4,"TMP = read_pc(); ; PC++; ; TMP = set_h(TMP, read_pc()); ; PC++; ; write(TMP, X); ; prefetch();",no,no,write,Cpu65c02Opcode/Cpu65c02Microcode/CpuExecutionPlanner,high (mame opcode map),mame_handler=stx_aba; cycles_source=mame_seq_derived; micro-queued in scheduler
planned,nop,8F,NOP,IMP,1,prefetch();,no,no,internal,backlog,high (mame opcode map),mame_handler=nop_c_imp; cmos-path handler; cycles_source=mame_seq_derived
planned,control,90,BCC,REL,1/3,"TMP = read_pc(); ; PC++; ; if(!(P & F_C)) { ; read_pc(); ; if(page_changing(PC, int8_t(TMP))) { ; read_arg(set_l(PC, PC+int8_t(TMP))); ; PC += int8_t(TMP); ; prefetch();",mode-dependent,yes,control-flow,backlog,high (mame opcode map),mame_handler=bcc_rel; cycles_source=mame_seq_derived
implemented,store,91,STA,IND_Y,6,"TMP2 = read_pc(); ; PC++; ; TMP = read(TMP2); ; TMP = set_h(TMP, read((TMP2+1) & 0xff)); ; read(set_l(TMP, TMP+Y)); ; write(TMP+Y, A); ; prefetch();",mode-dependent,no,write,Cpu65c02Opcode/Cpu65c02Microcode/CpuExecutionPlanner,high (mame opcode map),mame_handler=sta_idy; cycles_source=mame_seq_derived; micro-queued in scheduler
implemented,store,92,STA,ZPG_IND,5,"TMP2 = read_pc(); ; PC++; ; TMP = read(TMP2 & 0xff); ; TMP = set_h(TMP, read((TMP2+1) & 0xff)); ; write(TMP, A); ; prefetch();",no,no,write,Cpu65c02Opcode/Cpu65c02Microcode/CpuExecutionPlanner,high (mame opcode map),mame_handler=sta_zpi; cycles_source=mame_seq_derived; micro-queued in scheduler
planned,nop,93,NOP,IMP,1,prefetch();,no,no,internal,backlog,high (mame opcode map),mame_handler=nop_c_imp; cmos-path handler; cycles_source=mame_seq_derived
implemented,store,94,STY,ZPG_X,4,"TMP = read_pc(); ; PC++; ; read(TMP); ; write(uint8_t(TMP+X), Y); ; prefetch();",no,no,write,Cpu65c02Opcode/Cpu65c02Microcode/CpuExecutionPlanner,high (mame opcode map),mame_handler=sty_zpx; cycles_source=mame_seq_derived; micro-queued in scheduler
implemented,store,95,STA,ZPG_X,4,"TMP = read_pc(); ; PC++; ; read(TMP); ; write(uint8_t(TMP+X), A); ; prefetch();",no,no,write,Cpu65c02Opcode/Cpu65c02Microcode/CpuExecutionPlanner,high (mame opcode map),mame_handler=sta_zpx; cycles_source=mame_seq_derived; micro-queued in scheduler
implemented,store,96,STX,ZPG_Y,4,"TMP = read_pc(); ; PC++; ; read(TMP); ; write(uint8_t(TMP+Y), X); ; prefetch();",no,no,write,Cpu65c02Opcode/Cpu65c02Microcode/CpuExecutionPlanner,high (mame opcode map),mame_handler=stx_zpy; cycles_source=mame_seq_derived; micro-queued in scheduler
planned,nop,97,NOP,IMP,1,prefetch();,no,no,internal,backlog,high (mame opcode map),mame_handler=nop_c_imp; cmos-path handler; cycles_source=mame_seq_derived
planned,transfer,98,TYA,IMP,2,read_pc(); ; A = Y; ; set_nz(A); ; prefetch();,no,no,internal,backlog,high (mame opcode map),mame_handler=tya_imp; cycles_source=mame_seq_derived
implemented,store,99,STA,ABS_Y,5,"TMP = read_pc(); ; PC++; ; TMP = set_h(TMP, read_pc()); ; PC++; ; read(set_l(TMP, TMP+Y)); ; write(TMP+Y, A); ; prefetch();",mode-dependent,no,write,Cpu65c02Opcode/Cpu65c02Microcode/CpuExecutionPlanner,high (mame opcode map),mame_handler=sta_aby; cycles_source=mame_seq_derived; micro-queued in scheduler
planned,transfer,9A,TXS,IMP,2,"read_pc(); ; SP = set_l(SP, X); ; prefetch();",no,no,internal,backlog,high (mame opcode map),mame_handler=txs_imp; cycles_source=mame_seq_derived
planned,nop,9B,NOP,IMP,1,prefetch();,no,no,internal,backlog,high (mame opcode map),mame_handler=nop_c_imp; cmos-path handler; cycles_source=mame_seq_derived
planned,store,9C,STZ,ABS,4,"TMP = read_pc(); ; PC++; ; TMP = set_h(TMP, read_pc()); ; PC++; ; write(TMP, 0x00); ; prefetch();",no,no,write,backlog,high (mame opcode map),mame_handler=stz_aba; cycles_source=mame_seq_derived
implemented,store,9D,STA,ABS_X,5,"TMP = read_pc(); ; PC++; ; TMP = set_h(TMP, read_pc()); ; PC++; ; read(set_l(TMP, TMP+X)); ; write(TMP+X, A); ; prefetch();",mode-dependent,no,write,Cpu65c02Opcode/Cpu65c02Microcode/CpuExecutionPlanner,high (mame opcode map),mame_handler=sta_abx; cycles_source=mame_seq_derived; micro-queued in scheduler
planned,store,9E,STZ,ABS_X,5,"TMP = read_pc(); ; PC++; ; TMP = set_h(TMP, read_pc()); ; PC++; ; read(set_l(TMP, TMP+X)); ; write(TMP+X, 0x00); ; prefetch();",mode-dependent,no,write,backlog,high (mame opcode map),mame_handler=stz_abx; cycles_source=mame_seq_derived
planned,nop,9F,NOP,IMP,1,prefetch();,no,no,internal,backlog,high (mame opcode map),mame_handler=nop_c_imp; cmos-path handler; cycles_source=mame_seq_derived
implemented,load,A0,LDY,IMM,2,Y = read_pc(); ; PC++; ; set_nz(Y); ; prefetch();,no,no,read,Cpu65c02Opcode/Cpu65c02Microcode/CpuExecutionPlanner,high (mame opcode map),mame_handler=ldy_imm; cycles_source=mame_seq_derived; micro-queued in scheduler
implemented,load,A1,LDA,IND_X,6,"TMP2 = read_pc(); ; PC++; ; read(TMP2); ; TMP2 += X; ; TMP = read(TMP2 & 0xff); ; TMP = set_h(TMP, read((TMP2+1) & 0xff)); ; A = read(TMP); ; set_nz(A); ; prefetch();",no,no,read,Cpu65c02Opcode/Cpu65c02Microcode/CpuExecutionPlanner,high (mame opcode map),mame_handler=lda_idx; cycles_source=mame_seq_derived; micro-queued in scheduler
implemented,load,A2,LDX,IMM,2,X = read_pc(); ; PC++; ; set_nz(X); ; prefetch();,no,no,read,Cpu65c02Opcode/Cpu65c02Microcode/CpuExecutionPlanner,high (mame opcode map),mame_handler=ldx_imm; cycles_source=mame_seq_derived; micro-queued in scheduler
planned,nop,A3,NOP,IMP,1,prefetch();,no,no,internal,backlog,high (mame opcode map),mame_handler=nop_c_imp; cmos-path handler; cycles_source=mame_seq_derived
implemented,load,A4,LDY,ZPG,3,TMP = read_pc(); ; PC++; ; Y = read(TMP); ; set_nz(Y); ; prefetch();,no,no,read,Cpu65c02Opcode/Cpu65c02Microcode/CpuExecutionPlanner,high (mame opcode map),mame_handler=ldy_zpg; cycles_source=mame_seq_derived; micro-queued in scheduler
implemented,load,A5,LDA,ZPG,3,TMP = read_pc(); ; PC++; ; A = read(TMP); ; set_nz(A); ; prefetch();,no,no,read,Cpu65c02Opcode/Cpu65c02Microcode/CpuExecutionPlanner,high (mame opcode map),mame_handler=lda_zpg; cycles_source=mame_seq_derived; micro-queued in scheduler
implemented,load,A6,LDX,ZPG,3,TMP = read_pc(); ; PC++; ; X = read(TMP); ; set_nz(X); ; prefetch();,no,no,read,Cpu65c02Opcode/Cpu65c02Microcode/CpuExecutionPlanner,high (mame opcode map),mame_handler=ldx_zpg; cycles_source=mame_seq_derived; micro-queued in scheduler
planned,nop,A7,NOP,IMP,1,prefetch();,no,no,internal,backlog,high (mame opcode map),mame_handler=nop_c_imp; cmos-path handler; cycles_source=mame_seq_derived
planned,transfer,A8,TAY,IMP,2,read_pc(); ; Y = A; ; set_nz(Y); ; prefetch();,no,no,internal,backlog,high (mame opcode map),mame_handler=tay_imp; cycles_source=mame_seq_derived
implemented,load,A9,LDA,IMM,2,A = read_pc(); ; PC++; ; set_nz(A); ; prefetch();,no,no,read,Cpu65c02Opcode/Cpu65c02Microcode/CpuExecutionPlanner,high (mame opcode map),mame_handler=lda_imm; cycles_source=mame_seq_derived; micro-queued in scheduler
planned,transfer,AA,TAX,IMP,2,read_pc(); ; X = A; ; set_nz(X); ; prefetch();,no,no,internal,backlog,high (mame opcode map),mame_handler=tax_imp; cycles_source=mame_seq_derived
planned,nop,AB,NOP,IMP,1,prefetch();,no,no,internal,backlog,high (mame opcode map),mame_handler=nop_c_imp; cmos-path handler; cycles_source=mame_seq_derived
implemented,load,AC,LDY,ABS,4,"TMP = read_pc(); ; PC++; ; TMP = set_h(TMP, read_pc()); ; PC++; ; Y = read(TMP); ; set_nz(Y); ; prefetch();",no,no,read,Cpu65c02Opcode/Cpu65c02Microcode/CpuExecutionPlanner,high (mame opcode map),mame_handler=ldy_aba; cycles_source=mame_seq_derived; micro-queued in scheduler
implemented,load,AD,LDA,ABS,4,"TMP = read_pc(); ; PC++; ; TMP = set_h(TMP, read_pc()); ; PC++; ; A = read(TMP); ; set_nz(A); ; prefetch();",no,no,read,Cpu65c02Opcode/Cpu65c02Microcode/CpuExecutionPlanner,high (mame opcode map),mame_handler=lda_aba; cycles_source=mame_seq_derived; micro-queued in scheduler
implemented,load,AE,LDX,ABS,4,"TMP = read_pc(); ; PC++; ; TMP = set_h(TMP, read_pc()); ; PC++; ; X = read(TMP); ; set_nz(X); ; prefetch();",no,no,read,Cpu65c02Opcode/Cpu65c02Microcode/CpuExecutionPlanner,high (mame opcode map),mame_handler=ldx_aba; cycles_source=mame_seq_derived; micro-queued in scheduler
planned,nop,AF,NOP,IMP,1,prefetch();,no,no,internal,backlog,high (mame opcode map),mame_handler=nop_c_imp; cmos-path handler; cycles_source=mame_seq_derived
planned,control,B0,BCS,REL,1/3,"TMP = read_pc(); ; PC++; ; if(P & F_C) { ; read_pc(); ; if(page_changing(PC, int8_t(TMP))) { ; read_arg(set_l(PC, PC+int8_t(TMP))); ; PC += int8_t(TMP); ; prefetch();",mode-dependent,yes,control-flow,backlog,high (mame opcode map),mame_handler=bcs_rel; cycles_source=mame_seq_derived
implemented,load,B1,LDA,IND_Y,3/6,"TMP2 = read_pc(); ; PC++; ; TMP = read(TMP2); ; TMP = set_h(TMP, read((TMP2+1) & 0xff)); ; if(page_changing(TMP, Y)) { ; read(set_l(TMP, TMP+Y)); ; A = read(TMP+Y); ; set_nz(A); ; prefetch();",mode-dependent,no,read,Cpu65c02Opcode/Cpu65c02Microcode/CpuExecutionPlanner,high (mame opcode map),mame_handler=lda_idy; cycles_source=mame_seq_derived; micro-queued in scheduler
implemented,load,B2,LDA,ZPG_IND,5,"TMP2 = read_pc(); ; PC++; ; TMP = read(TMP2 & 0xff); ; TMP = set_h(TMP, read((TMP2+1) & 0xff)); ; A = read(TMP); ; set_nz(A); ; prefetch();",no,no,read,Cpu65c02Opcode/Cpu65c02Microcode/CpuExecutionPlanner,high (mame opcode map),mame_handler=lda_zpi; cycles_source=mame_seq_derived; micro-queued in scheduler
planned,nop,B3,NOP,IMP,1,prefetch();,no,no,internal,backlog,high (mame opcode map),mame_handler=nop_c_imp; cmos-path handler; cycles_source=mame_seq_derived
implemented,load,B4,LDY,ZPG_X,4,TMP = read_pc(); ; PC++; ; read(TMP); ; Y = read(uint8_t(TMP+X)); ; set_nz(Y); ; prefetch();,no,no,read,Cpu65c02Opcode/Cpu65c02Microcode/CpuExecutionPlanner,high (mame opcode map),mame_handler=ldy_zpx; cycles_source=mame_seq_derived; micro-queued in scheduler
implemented,load,B5,LDA,ZPG_X,4,TMP = read_pc(); ; PC++; ; read(TMP); ; A = read(uint8_t(TMP+X)); ; set_nz(A); ; prefetch();,no,no,read,Cpu65c02Opcode/Cpu65c02Microcode/CpuExecutionPlanner,high (mame opcode map),mame_handler=lda_zpx; cycles_source=mame_seq_derived; micro-queued in scheduler
implemented,load,B6,LDX,ZPG_Y,4,TMP = read_pc(); ; PC++; ; read(TMP); ; X = read(uint8_t(TMP+Y)); ; set_nz(X); ; prefetch();,no,no,read,Cpu65c02Opcode/Cpu65c02Microcode/CpuExecutionPlanner,high (mame opcode map),mame_handler=ldx_zpy; cycles_source=mame_seq_derived; micro-queued in scheduler
planned,nop,B7,NOP,IMP,1,prefetch();,no,no,internal,backlog,high (mame opcode map),mame_handler=nop_c_imp; cmos-path handler; cycles_source=mame_seq_derived
planned,flags,B8,CLV,IMP,2,read_pc(); ; P &= ~F_V; ; prefetch();,no,no,internal,backlog,high (mame opcode map),mame_handler=clv_imp; cycles_source=mame_seq_derived
implemented,load,B9,LDA,ABS_Y,2/5,"TMP = read_pc(); ; PC++; ; TMP = set_h(TMP, read_pc()); ; PC++; ; if(page_changing(TMP, Y)) { ; read(set_l(TMP, TMP+Y)); ; A = read(TMP + Y); ; set_nz(A); ; prefetch();",mode-dependent,no,read,Cpu65c02Opcode/Cpu65c02Microcode/CpuExecutionPlanner,high (mame opcode map),mame_handler=lda_aby; cycles_source=mame_seq_derived; micro-queued in scheduler
planned,transfer,BA,TSX,IMP,2,read_pc(); ; X = SP; ; set_nz(X); ; prefetch();,no,no,internal,backlog,high (mame opcode map),mame_handler=tsx_imp; cycles_source=mame_seq_derived
planned,nop,BB,NOP,IMP,1,prefetch();,no,no,internal,backlog,high (mame opcode map),mame_handler=nop_c_imp; cmos-path handler; cycles_source=mame_seq_derived
implemented,load,BC,LDY,ABS_X,2/5,"TMP = read_pc(); ; PC++; ; TMP = set_h(TMP, read_pc()); ; PC++; ; if(page_changing(TMP, X)) { ; read(set_l(TMP, TMP+X)); ; TMP += X; ; Y = read(TMP); ; set_nz(Y); ; prefetch();",mode-dependent,no,read,Cpu65c02Opcode/Cpu65c02Microcode/CpuExecutionPlanner,high (mame opcode map),mame_handler=ldy_abx; cycles_source=mame_seq_derived; micro-queued in scheduler
implemented,load,BD,LDA,ABS_X,2/5,"TMP = read_pc(); ; PC++; ; TMP = set_h(TMP, read_pc()); ; PC++; ; if(page_changing(TMP, X)) { ; read(set_l(TMP, TMP+X)); ; A = read(TMP + X); ; set_nz(A); ; prefetch();",mode-dependent,no,read,Cpu65c02Opcode/Cpu65c02Microcode/CpuExecutionPlanner,high (mame opcode map),mame_handler=lda_abx; cycles_source=mame_seq_derived; micro-queued in scheduler
implemented,load,BE,LDX,ABS_Y,2/5,"TMP = read_pc(); ; PC++; ; TMP = set_h(TMP, read_pc()); ; PC++; ; if(page_changing(TMP, Y)) { ; read(set_l(TMP, TMP+Y)); ; X = read(TMP + Y); ; set_nz(X); ; prefetch();",mode-dependent,no,read,Cpu65c02Opcode/Cpu65c02Microcode/CpuExecutionPlanner,high (mame opcode map),mame_handler=ldx_aby; cycles_source=mame_seq_derived; micro-queued in scheduler
planned,nop,BF,NOP,IMP,1,prefetch();,no,no,internal,backlog,high (mame opcode map),mame_handler=nop_c_imp; cmos-path handler; cycles_source=mame_seq_derived
implemented,alu,C0,CPY,IMM,2,"TMP = read_pc(); ; PC++; ; do_cmp(Y, TMP); ; prefetch();",no,no,read,Cpu65c02Opcode/Cpu65c02Microcode/CpuExecutionPlanner,high (mame opcode map),mame_handler=cpy_imm; cycles_source=mame_seq_derived; micro-queued in scheduler
implemented,alu,C1,CMP,IND_X,6,"TMP2 = read_pc(); ; PC++; ; read(TMP2); ; TMP2 += X; ; TMP = read(TMP2 & 0xff); ; TMP = set_h(TMP, read((TMP2+1) & 0xff)); ; TMP2 = read(TMP); ; do_cmp(A, TMP2); ; prefetch();",no,no,read,Cpu65c02Opcode/Cpu65c02Microcode/CpuExecutionPlanner,high (mame opcode map),mame_handler=cmp_idx; cycles_source=mame_seq_derived; micro-queued in scheduler
planned,nop,C2,NOP,IMM,2,read_pc(); ; PC++; ; prefetch();,no,no,read,backlog,high (mame opcode map),mame_handler=nop_imm; cycles_source=mame_seq_derived
planned,nop,C3,NOP,IMP,1,prefetch();,no,no,internal,backlog,high (mame opcode map),mame_handler=nop_c_imp; cmos-path handler; cycles_source=mame_seq_derived
implemented,alu,C4,CPY,ZPG,3,"TMP = read_pc(); ; PC++; ; TMP2 = read(TMP); ; do_cmp(Y, TMP2); ; prefetch();",no,no,read,Cpu65c02Opcode/Cpu65c02Microcode/CpuExecutionPlanner,high (mame opcode map),mame_handler=cpy_zpg; cycles_source=mame_seq_derived; micro-queued in scheduler
implemented,alu,C5,CMP,ZPG,3,"TMP = read_pc(); ; PC++; ; TMP2 = read(TMP); ; do_cmp(A, TMP2); ; prefetch();",no,no,read,Cpu65c02Opcode/Cpu65c02Microcode/CpuExecutionPlanner,high (mame opcode map),mame_handler=cmp_zpg; cycles_source=mame_seq_derived; micro-queued in scheduler
implemented,inc_dec,C6,DEC,ZPG,5,"TMP = read_pc(); ; PC++; ; TMP2 = read(TMP); ; read(TMP); ; TMP2--; ; set_nz(TMP2); ; write(TMP, TMP2); ; prefetch();",no,no,read-modify-write,Cpu65c02Opcode/Cpu65c02Microcode/CpuExecutionPlanner,high (mame opcode map),mame_handler=dec_c_zpg; cmos-path handler; cycles_source=mame_seq_derived; micro-queued in scheduler
planned,nop,C7,NOP,IMP,1,prefetch();,no,no,internal,backlog,high (mame opcode map),mame_handler=nop_c_imp; cmos-path handler; cycles_source=mame_seq_derived
planned,inc_dec,C8,INY,IMP,2,read_pc(); ; Y++; ; set_nz(Y); ; prefetch();,no,no,read,backlog,high (mame opcode map),mame_handler=iny_imp; cycles_source=mame_seq_derived
implemented,alu,C9,CMP,IMM,2,"TMP = read_pc(); ; PC++; ; do_cmp(A, TMP); ; prefetch();",no,no,read,Cpu65c02Opcode/Cpu65c02Microcode/CpuExecutionPlanner,high (mame opcode map),mame_handler=cmp_imm; cycles_source=mame_seq_derived; micro-queued in scheduler
planned,inc_dec,CA,DEX,IMP,2,read_pc(); ; X--; ; set_nz(X); ; prefetch();,no,no,read,backlog,high (mame opcode map),mame_handler=dex_imp; cycles_source=mame_seq_derived
planned,nop,CB,NOP,IMP,1,prefetch();,no,no,internal,backlog,high (mame opcode map),mame_handler=nop_c_imp; cmos-path handler; cycles_source=mame_seq_derived
implemented,alu,CC,CPY,ABS,4,"TMP = read_pc(); ; PC++; ; TMP = set_h(TMP, read_pc()); ; PC++; ; TMP2 = read(TMP); ; do_cmp(Y, TMP2); ; prefetch();",no,no,read,Cpu65c02Opcode/Cpu65c02Microcode/CpuExecutionPlanner,high (mame opcode map),mame_handler=cpy_aba; cycles_source=mame_seq_derived; micro-queued in scheduler
implemented,alu,CD,CMP,ABS,4,"TMP = read_pc(); ; PC++; ; TMP = set_h(TMP, read_pc()); ; PC++; ; TMP2 = read(TMP); ; do_cmp(A, TMP2); ; prefetch();",no,no,read,Cpu65c02Opcode/Cpu65c02Microcode/CpuExecutionPlanner,high (mame opcode map),mame_handler=cmp_aba; cycles_source=mame_seq_derived; micro-queued in scheduler
implemented,inc_dec,CE,DEC,ABS,6,"TMP = read_pc(); ; PC++; ; TMP = set_h(TMP, read_pc()); ; PC++; ; TMP2 = read(TMP); ; read(TMP); ; TMP2--; ; set_nz(TMP2); ; write(TMP, TMP2); ; prefetch();",no,no,read-modify-write,Cpu65c02Opcode/Cpu65c02Microcode/CpuExecutionPlanner,high (mame opcode map),mame_handler=dec_c_aba; cmos-path handler; cycles_source=mame_seq_derived; micro-queued in scheduler
planned,nop,CF,NOP,IMP,1,prefetch();,no,no,internal,backlog,high (mame opcode map),mame_handler=nop_c_imp; cmos-path handler; cycles_source=mame_seq_derived
planned,control,D0,BNE,REL,1/3,"TMP = read_pc(); ; PC++; ; if(!(P & F_Z)) { ; read_pc(); ; if(page_changing(PC, int8_t(TMP))) { ; read_arg(set_l(PC, PC+int8_t(TMP))); ; PC += int8_t(TMP); ; prefetch();",mode-dependent,yes,control-flow,backlog,high (mame opcode map),mame_handler=bne_rel; cycles_source=mame_seq_derived
implemented,alu,D1,CMP,IND_Y,3/6,"TMP2 = read_pc(); ; PC++; ; TMP = read(TMP2); ; TMP = set_h(TMP, read((TMP2+1) & 0xff)); ; if(page_changing(TMP, Y)) { ; read(set_l(TMP, TMP+Y)); ; TMP2 = read(TMP+Y); ; do_cmp(A, TMP2); ; prefetch();",mode-dependent,no,read,Cpu65c02Opcode/Cpu65c02Microcode/CpuExecutionPlanner,high (mame opcode map),mame_handler=cmp_idy; cycles_source=mame_seq_derived; micro-queued in scheduler
implemented,alu,D2,CMP,ZPG_IND,5,"TMP2 = read_pc(); ; PC++; ; TMP = read(TMP2 & 0xff); ; TMP = set_h(TMP, read((TMP2+1) & 0xff)); ; TMP2 = read(TMP); ; do_cmp(A, TMP2); ; prefetch();",no,no,read,Cpu65c02Opcode/Cpu65c02Microcode/CpuExecutionPlanner,high (mame opcode map),mame_handler=cmp_zpi; cycles_source=mame_seq_derived; micro-queued in scheduler
planned,nop,D3,NOP,IMP,1,prefetch();,no,no,internal,backlog,high (mame opcode map),mame_handler=nop_c_imp; cmos-path handler; cycles_source=mame_seq_derived
planned,nop,D4,NOP,ZPG_X,4,TMP = read_pc(); ; PC++; ; read(TMP); ; read(uint8_t(TMP+X)); ; prefetch();,no,no,read,backlog,high (mame opcode map),mame_handler=nop_zpx; cycles_source=mame_seq_derived
implemented,alu,D5,CMP,ZPG_X,4,"TMP = read_pc(); ; PC++; ; read(TMP); ; TMP2 = read(uint8_t(TMP+X)); ; do_cmp(A, TMP2); ; prefetch();",no,no,read,Cpu65c02Opcode/Cpu65c02Microcode/CpuExecutionPlanner,high (mame opcode map),mame_handler=cmp_zpx; cycles_source=mame_seq_derived; micro-queued in scheduler
implemented,inc_dec,D6,DEC,ZPG_X,6,"TMP = read_pc(); ; PC++; ; read(TMP); ; TMP = uint8_t(TMP+X); ; TMP2 = read(TMP); ; read(TMP); ; TMP2--; ; set_nz(TMP2); ; write(TMP, TMP2); ; prefetch();",no,no,read-modify-write,Cpu65c02Opcode/Cpu65c02Microcode/CpuExecutionPlanner,high (mame opcode map),mame_handler=dec_c_zpx; cmos-path handler; cycles_source=mame_seq_derived; micro-queued in scheduler
planned,nop,D7,NOP,IMP,1,prefetch();,no,no,internal,backlog,high (mame opcode map),mame_handler=nop_c_imp; cmos-path handler; cycles_source=mame_seq_derived
planned,flags,D8,CLD,IMP,2,read_pc(); ; P &= ~F_D; ; prefetch();,no,no,internal,backlog,high (mame opcode map),mame_handler=cld_imp; cycles_source=mame_seq_derived
implemented,alu,D9,CMP,ABS_Y,2/5,"TMP = read_pc(); ; PC++; ; TMP = set_h(TMP, read_pc()); ; PC++; ; if(page_changing(TMP, Y)) { ; read(set_l(TMP, TMP+Y)); ; TMP += Y; ; TMP2 = read(TMP); ; do_cmp(A, TMP2); ; prefetch();",mode-dependent,no,read,Cpu65c02Opcode/Cpu65c02Microcode/CpuExecutionPlanner,high (mame opcode map),mame_handler=cmp_aby; cycles_source=mame_seq_derived; micro-queued in scheduler
planned,stack,DA,PHX,IMP,3,"read_pc(); ; write(SP, X); ; dec_SP(); ; prefetch();",no,no,stack,backlog,high (mame opcode map),mame_handler=phx_imp; cycles_source=mame_seq_derived
planned,nop,DB,NOP,IMP,1,prefetch();,no,no,internal,backlog,high (mame opcode map),mame_handler=nop_c_imp; cmos-path handler; cycles_source=mame_seq_derived
planned,nop,DC,NOP,ABS_X,4,"TMP = read_pc(); ; PC++; ; TMP = set_h(TMP, read_pc()); ; PC++; ; read(set_l(TMP, TMP+X)); ; prefetch();",mode-dependent,no,read,backlog,high (mame opcode map),mame_handler=nop_c_abx; cmos-path handler; cycles_source=mame_seq_derived
implemented,alu,DD,CMP,ABS_X,2/5,"TMP = read_pc(); ; PC++; ; TMP = set_h(TMP, read_pc()); ; PC++; ; if(page_changing(TMP, X)) { ; read(set_l(TMP, TMP+X)); ; TMP += X; ; TMP2 = read(TMP); ; do_cmp(A, TMP2); ; prefetch();",mode-dependent,no,read,Cpu65c02Opcode/Cpu65c02Microcode/CpuExecutionPlanner,high (mame opcode map),mame_handler=cmp_abx; cycles_source=mame_seq_derived; micro-queued in scheduler
implemented,inc_dec,DE,DEC,ABS_X,7,"TMP = read_pc(); ; PC++; ; TMP = set_h(TMP, read_pc()); ; PC++; ; read(set_l(TMP, TMP+X)); ; TMP += X; ; TMP2 = read(TMP); ; read(TMP); ; TMP2--; ; set_nz(TMP2); ; write(TMP, TMP2); ; prefetch();",mode-dependent,no,read-modify-write,Cpu65c02Opcode/Cpu65c02Microcode/CpuExecutionPlanner,high (mame opcode map),mame_handler=dec_c_abx; cmos-path handler; cycles_source=mame_seq_derived; micro-queued in scheduler
planned,nop,DF,NOP,IMP,1,prefetch();,no,no,internal,backlog,high (mame opcode map),mame_handler=nop_c_imp; cmos-path handler; cycles_source=mame_seq_derived
implemented,alu,E0,CPX,IMM,2,"TMP = read_pc(); ; PC++; ; do_cmp(X, TMP); ; prefetch();",no,no,read,Cpu65c02Opcode/Cpu65c02Microcode/CpuExecutionPlanner,high (mame opcode map),mame_handler=cpx_imm; cycles_source=mame_seq_derived; micro-queued in scheduler
implemented,alu,E1,SBC,IND_X,5/7,"TMP2 = read_pc(); ; PC++; ; read(TMP2); ; TMP2 += X; ; TMP = read(TMP2 & 0xff); ; TMP = set_h(TMP, read((TMP2+1) & 0xff)); ; TMP2 = read(TMP); ; do_sbc(TMP2); ; if(P & F_D) { ; read_pc(); ; set_nz(A); ; prefetch();",no,no,read,Cpu65c02Opcode/Cpu65c02Microcode/CpuExecutionPlanner,high (mame opcode map),mame_handler=sbc_c_idx; cmos-path handler; cycles_source=mame_seq_derived; micro-queued in scheduler
planned,nop,E2,NOP,IMM,2,read_pc(); ; PC++; ; prefetch();,no,no,read,backlog,high (mame opcode map),mame_handler=nop_imm; cycles_source=mame_seq_derived
planned,nop,E3,NOP,IMP,1,prefetch();,no,no,internal,backlog,high (mame opcode map),mame_handler=nop_c_imp; cmos-path handler; cycles_source=mame_seq_derived
implemented,alu,E4,CPX,ZPG,3,"TMP = read_pc(); ; PC++; ; TMP2 = read(TMP); ; do_cmp(X, TMP2); ; prefetch();",no,no,read,Cpu65c02Opcode/Cpu65c02Microcode/CpuExecutionPlanner,high (mame opcode map),mame_handler=cpx_zpg; cycles_source=mame_seq_derived; micro-queued in scheduler
implemented,alu,E5,SBC,ZPG,2/4,TMP = read_pc(); ; PC++; ; TMP2 = read(TMP); ; do_sbc(TMP2); ; if(P & F_D) { ; read_pc(); ; set_nz(A); ; prefetch();,no,no,read,Cpu65c02Opcode/Cpu65c02Microcode/CpuExecutionPlanner,high (mame opcode map),mame_handler=sbc_c_zpg; cmos-path handler; cycles_source=mame_seq_derived; micro-queued in scheduler
implemented,inc_dec,E6,INC,ZPG,5,"TMP = read_pc(); ; PC++; ; TMP2 = read(TMP); ; read(TMP); ; TMP2++; ; set_nz(TMP2); ; write(TMP, TMP2); ; prefetch();",no,no,read-modify-write,Cpu65c02Opcode/Cpu65c02Microcode/CpuExecutionPlanner,high (mame opcode map),mame_handler=inc_c_zpg; cmos-path handler; cycles_source=mame_seq_derived; micro-queued in scheduler
planned,nop,E7,NOP,IMP,1,prefetch();,no,no,internal,backlog,high (mame opcode map),mame_handler=nop_c_imp; cmos-path handler; cycles_source=mame_seq_derived
planned,inc_dec,E8,INX,IMP,2,read_pc(); ; X++; ; set_nz(X); ; prefetch();,no,no,read,backlog,high (mame opcode map),mame_handler=inx_imp; cycles_source=mame_seq_derived
implemented,alu,E9,SBC,IMM,1/3,TMP = read_pc(); ; PC++; ; do_sbc(TMP); ; if(P & F_D) { ; read_pc(); ; set_nz(A); ; prefetch();,no,no,read,Cpu65c02Opcode/Cpu65c02Microcode/CpuExecutionPlanner,high (mame opcode map),mame_handler=sbc_c_imm; cmos-path handler; cycles_source=mame_seq_derived; micro-queued in scheduler
planned,nop,EA,NOP,IMP,2,read_pc(); ; prefetch();,no,no,internal,backlog,high (mame opcode map),mame_handler=nop_imp; cycles_source=mame_seq_derived
planned,nop,EB,NOP,IMP,1,prefetch();,no,no,internal,backlog,high (mame opcode map),mame_handler=nop_c_imp; cmos-path handler; cycles_source=mame_seq_derived
implemented,alu,EC,CPX,ABS,4,"TMP = read_pc(); ; PC++; ; TMP = set_h(TMP, read_pc()); ; PC++; ; TMP2 = read(TMP); ; do_cmp(X, TMP2); ; prefetch();",no,no,read,Cpu65c02Opcode/Cpu65c02Microcode/CpuExecutionPlanner,high (mame opcode map),mame_handler=cpx_aba; cycles_source=mame_seq_derived; micro-queued in scheduler
implemented,alu,ED,SBC,ABS,3/5,"TMP = read_pc(); ; PC++; ; TMP = set_h(TMP, read_pc()); ; PC++; ; TMP2 = read(TMP); ; do_sbc(TMP2); ; if(P & F_D) { ; read_pc(); ; set_nz(A); ; prefetch();",no,no,read,Cpu65c02Opcode/Cpu65c02Microcode/CpuExecutionPlanner,high (mame opcode map),mame_handler=sbc_c_aba; cmos-path handler; cycles_source=mame_seq_derived; micro-queued in scheduler
implemented,inc_dec,EE,INC,ABS,6,"TMP = read_pc(); ; PC++; ; TMP = set_h(TMP, read_pc()); ; PC++; ; TMP2 = read(TMP); ; read(TMP); ; TMP2++; ; set_nz(TMP2); ; write(TMP, TMP2); ; prefetch();",no,no,read-modify-write,Cpu65c02Opcode/Cpu65c02Microcode/CpuExecutionPlanner,high (mame opcode map),mame_handler=inc_c_aba; cmos-path handler; cycles_source=mame_seq_derived; micro-queued in scheduler
planned,nop,EF,NOP,IMP,1,prefetch();,no,no,internal,backlog,high (mame opcode map),mame_handler=nop_c_imp; cmos-path handler; cycles_source=mame_seq_derived
planned,control,F0,BEQ,REL,1/3,"TMP = read_pc(); ; PC++; ; if(P & F_Z) { ; read_pc(); ; if(page_changing(PC, int8_t(TMP))) { ; read_arg(set_l(PC, PC+int8_t(TMP))); ; PC += int8_t(TMP); ; prefetch();",mode-dependent,yes,control-flow,backlog,high (mame opcode map),mame_handler=beq_rel; cycles_source=mame_seq_derived
implemented,alu,F1,SBC,IND_Y,3/7,"TMP2 = read_pc(); ; PC++; ; TMP = read(TMP2); ; TMP = set_h(TMP, read((TMP2+1) & 0xff)); ; if(page_changing(TMP, Y)) { ; read(set_l(TMP, TMP+Y)); ; TMP2 = read(TMP+Y); ; do_sbc(TMP2); ; if(P & F_D) { ; read_pc(); ; set_nz(A); ; prefetch();",mode-dependent,no,read,Cpu65c02Opcode/Cpu65c02Microcode/CpuExecutionPlanner,high (mame opcode map),mame_handler=sbc_c_idy; cmos-path handler; cycles_source=mame_seq_derived; micro-queued in scheduler
implemented,alu,F2,SBC,ZPG_IND,4/6,"TMP2 = read_pc(); ; PC++; ; TMP = read(TMP2 & 0xff); ; TMP = set_h(TMP, read((TMP2+1) & 0xff)); ; TMP2 = read(TMP); ; do_sbc(TMP2); ; if(P & F_D) { ; read_pc(); ; set_nz(A); ; prefetch();",no,no,read,Cpu65c02Opcode/Cpu65c02Microcode/CpuExecutionPlanner,high (mame opcode map),mame_handler=sbc_c_zpi; cmos-path handler; cycles_source=mame_seq_derived; micro-queued in scheduler
planned,nop,F3,NOP,IMP,1,prefetch();,no,no,internal,backlog,high (mame opcode map),mame_handler=nop_c_imp; cmos-path handler; cycles_source=mame_seq_derived
planned,nop,F4,NOP,ZPG_X,4,TMP = read_pc(); ; PC++; ; read(TMP); ; read(uint8_t(TMP+X)); ; prefetch();,no,no,read,backlog,high (mame opcode map),mame_handler=nop_zpx; cycles_source=mame_seq_derived
implemented,alu,F5,SBC,ZPG_X,3/5,TMP = read_pc(); ; PC++; ; read(TMP); ; TMP2 = read(uint8_t(TMP+X)); ; do_sbc(TMP2); ; if(P & F_D) { ; read_pc(); ; set_nz(A); ; prefetch();,no,no,read,Cpu65c02Opcode/Cpu65c02Microcode/CpuExecutionPlanner,high (mame opcode map),mame_handler=sbc_c_zpx; cmos-path handler; cycles_source=mame_seq_derived; micro-queued in scheduler
implemented,inc_dec,F6,INC,ZPG_X,6,"TMP = read_pc(); ; PC++; ; read(TMP); ; TMP = uint8_t(TMP+X); ; TMP2 = read(TMP); ; read(TMP); ; TMP2++; ; set_nz(TMP2); ; write(TMP, TMP2); ; prefetch();",no,no,read-modify-write,Cpu65c02Opcode/Cpu65c02Microcode/CpuExecutionPlanner,high (mame opcode map),mame_handler=inc_c_zpx; cmos-path handler; cycles_source=mame_seq_derived; micro-queued in scheduler
planned,nop,F7,NOP,IMP,1,prefetch();,no,no,internal,backlog,high (mame opcode map),mame_handler=nop_c_imp; cmos-path handler; cycles_source=mame_seq_derived
planned,flags,F8,SED,IMP,2,read_pc(); ; P |= F_D; ; prefetch();,no,no,internal,backlog,high (mame opcode map),mame_handler=sed_imp; cycles_source=mame_seq_derived
implemented,alu,F9,SBC,ABS_Y,2/6,"TMP = read_pc(); ; PC++; ; TMP = set_h(TMP, read_pc()); ; PC++; ; if(page_changing(TMP, Y)) { ; read(set_l(TMP, TMP+Y)); ; TMP += Y; ; TMP2 = read(TMP); ; do_sbc(TMP2); ; if(P & F_D) { ; read_pc(); ; set_nz(A); ; prefetch();",mode-dependent,no,read,Cpu65c02Opcode/Cpu65c02Microcode/CpuExecutionPlanner,high (mame opcode map),mame_handler=sbc_c_aby; cmos-path handler; cycles_source=mame_seq_derived; micro-queued in scheduler
planned,stack,FA,PLX,IMP,4,read_pc(); ; read(SP); ; inc_SP(); ; X = read(SP); ; set_nz(X); ; prefetch();,no,no,stack,backlog,high (mame opcode map),mame_handler=plx_imp; cycles_source=mame_seq_derived
planned,nop,FB,NOP,IMP,1,prefetch();,no,no,internal,backlog,high (mame opcode map),mame_handler=nop_c_imp; cmos-path handler; cycles_source=mame_seq_derived
planned,nop,FC,NOP,ABS_X,4,"TMP = read_pc(); ; PC++; ; TMP = set_h(TMP, read_pc()); ; PC++; ; read(set_l(TMP, TMP+X)); ; prefetch();",mode-dependent,no,read,backlog,high (mame opcode map),mame_handler=nop_c_abx; cmos-path handler; cycles_source=mame_seq_derived
implemented,alu,FD,SBC,ABS_X,2/6,"TMP = read_pc(); ; PC++; ; TMP = set_h(TMP, read_pc()); ; PC++; ; if(page_changing(TMP, X)) { ; read(set_l(TMP, TMP+X)); ; TMP += X; ; TMP2 = read(TMP); ; do_sbc(TMP2); ; if(P & F_D) { ; read_pc(); ; set_nz(A); ; prefetch();",mode-dependent,no,read,Cpu65c02Opcode/Cpu65c02Microcode/CpuExecutionPlanner,high (mame opcode map),mame_handler=sbc_c_abx; cmos-path handler; cycles_source=mame_seq_derived; micro-queued in scheduler
implemented,inc_dec,FE,INC,ABS_X,7,"TMP = read_pc(); ; PC++; ; TMP = set_h(TMP, read_pc()); ; PC++; ; read(set_l(TMP, TMP+X)); ; TMP += X; ; TMP2 = read(TMP); ; read(TMP); ; TMP2++; ; set_nz(TMP2); ; write(TMP, TMP2); ; prefetch();",mode-dependent,no,read-modify-write,Cpu65c02Opcode/Cpu65c02Microcode/CpuExecutionPlanner,high (mame opcode map),mame_handler=inc_c_abx; cmos-path handler; cycles_source=mame_seq_derived; micro-queued in scheduler
planned,nop,FF,NOP,IMP,1,prefetch();,no,no,internal,backlog,high (mame opcode map),mame_handler=nop_c_imp; cmos-path handler; cycles_source=mame_seq_derived
